NAME,STATE_NAME,FIPS,POPULATION
Aleutians East,Alaska,02013,3129
Traill,North Dakota,38097,8154
Walsh,North Dakota,38099,11037
Aleutians West,Alaska,02016,5609
Ward,North Dakota,38101,75147
Anchorage,Alaska,02020,303152
Wells,North Dakota,38103,4218
Bethel,Alaska,02050,17646
Williams,North Dakota,38105,40962
Baker,Oregon,41001,16332
Morrow,Oregon,41049,11766
Umatilla,Oregon,41059,77951
Union,Oregon,41061,26421
Wallowa,Oregon,41063,7202
Brown,South Dakota,46013,39737
Butte,South Dakota,46019,10342
Campbell,South Dakota,46021,1443
Clark,South Dakota,46025,3743
Codington,South Dakota,46029,28572
Corson,South Dakota,46031,4269
Day,South Dakota,46037,5618
Deuel,South Dakota,46039,4345
Dewey,South Dakota,46041,5559
Edmunds,South Dakota,46045,4042
Faulk,South Dakota,46049,2336
Grant,South Dakota,46051,7237
Hamlin,South Dakota,46057,6196
Harding,South Dakota,46063,1265
McPherson,South Dakota,46089,2392
Marshall,South Dakota,46091,4862
Perkins,South Dakota,46105,3003
Potter,South Dakota,46107,2317
Roberts,South Dakota,46109,10466
Spink,South Dakota,46115,6587
Sully,South Dakota,46119,1408
Walworth,South Dakota,46129,5398
Ziebach,South Dakota,46137,2924
Adams,Washington,53001,19938
Asotin,Washington,53003,22061
Benton,Washington,53005,195297
Columbia,Washington,53013,4112
Douglas,Washington,53017,41420
Ferry,Washington,53019,7484
Franklin,Washington,53021,88038
Garfield,Washington,53023,2268
Grant,Washington,53025,93179
Lincoln,Washington,53043,10735
Pend Oreille,Washington,53051,13352
Spokane,Washington,53063,503651
Stevens,Washington,53065,44381
Walla Walla,Washington,53071,61726
Whitman,Washington,53075,49184
Sheridan,Wyoming,56033,30650
Baldwin,Alabama,01003,209227
Barbour,Alabama,01005,27072
Bullock,Alabama,01011,10811
Butler,Alabama,01013,20621
Choctaw,Alabama,01023,13369
Clarke,Alabama,01025,25085
Coffee,Alabama,01031,52079
Conecuh,Alabama,01035,12742
Covington,Alabama,01039,38108
Crenshaw,Alabama,01041,14145
Dale,Alabama,01045,50346
Escambia,Alabama,01053,38596
Geneva,Alabama,01061,27108
Henry,Alabama,01067,17565
Houston,Alabama,01069,106275
Mobile,Alabama,01097,423262
Monroe,Alabama,01099,22089
Pike,Alabama,01109,33474
Washington,Alabama,01129,17620
Wilcox,Alabama,01131,11298
Alachua,Florida,12001,262216
Baker,Florida,12003,28042
Bay,Florida,12005,180035
Bradford,Florida,12007,26996
Brevard,Florida,12009,578927
Calhoun,Florida,12013,14630
Charlotte,Florida,12015,173978
Citrus,Florida,12017,144825
Clay,Florida,12019,209524
Collier,Florida,12021,368652
Columbia,Florida,12023,69419
DeSoto,Florida,12027,36506
Dixie,Florida,12029,16299
Duval,Florida,12031,932755
Escambia,Florida,12033,317676
Flagler,Florida,12035,108166
Franklin,Florida,12037,11622
Gadsden,Florida,12039,47015
Gilchrist,Florida,12041,17436
Glades,Florida,12043,13588
Gulf,Florida,12045,16377
Hamilton,Florida,12047,14344
Hardee,Florida,12049,28518
Hendry,Florida,12051,39553
Hernando,Florida,12053,182273
Highlands,Florida,12055,102012
Hillsborough,Florida,12057,1382695
Holmes,Florida,12059,19865
Indian River,Florida,12061,149718
Jackson,Florida,12063,50086
Jefferson,Florida,12065,14547
Lafayette,Florida,12067,8476
Lake,Florida,12069,339742
Lee,Florida,12071,720426
Leon,Florida,12073,288630
Levy,Florida,12075,41097
Liberty,Florida,12077,8737
Madison,Florida,12079,18862
Manatee,Florida,12081,376566
Marion,Florida,12083,350915
Monroe,Florida,12087,77537
Nassau,Florida,12089,80628
Okaloosa,Florida,12091,198210
Okeechobee,Florida,12093,39837
Orange,Florida,12095,1332714
Osceola,Florida,12097,333980
Pasco,Florida,12101,512082
Pinellas,Florida,12103,968279
Polk,Florida,12105,662431
Putnam,Florida,12107,74098
St. Johns,Florida,12109,238439
Santa Rosa,Florida,12113,171747
Sarasota,Florida,12115,414899
Seminole,Florida,12117,457650
Sumter,Florida,12119,125329
Suwannee,Florida,12121,44733
Taylor,Florida,12123,22641
Union,Florida,12125,15704
Volusia,Florida,12127,528719
Wakulla,Florida,12129,32143
Walton,Florida,12131,64209
Washington,Florida,12133,25039
Appling,Georgia,13001,18451
Atkinson,Georgia,13003,9278
Bacon,Georgia,13005,11414
Baker,Georgia,13007,3429
Ben Hill,Georgia,13017,17395
Berrien,Georgia,13019,19179
Brantley,Georgia,13025,18729
Brooks,Georgia,13027,15810
Bryan,Georgia,13029,37469
Calhoun,Georgia,13037,6571
Camden,Georgia,13039,53037
Charlton,Georgia,13049,13121
Chatham,Georgia,13051,292686
Clay,Georgia,13061,3110
Clinch,Georgia,13065,6915
Coffee,Georgia,13069,44088
Starr,Texas,48427,66946
Colquitt,Georgia,13071,46507
Cook,Georgia,13075,17974
Crisp,Georgia,13081,22712
Decatur,Georgia,13087,27294
Dougherty,Georgia,13095,91478
Early,Georgia,13099,10702
Echols,Georgia,13101,4137
Glynn,Georgia,13127,84625
Grady,Georgia,13131,25489
Irwin,Georgia,13155,9302
Jeff Davis,Georgia,13161,15280
Lanier,Georgia,13173,10158
Lee,Georgia,13177,30338
Liberty,Georgia,13179,64510
Long,Georgia,13183,18728
Lowndes,Georgia,13185,114022
McIntosh,Georgia,13191,13862
Miller,Georgia,13201,5954
Mitchell,Georgia,13205,22950
Pierce,Georgia,13229,19286
Quitman,Georgia,13239,2261
Randolph,Georgia,13243,7610
Seminole,Georgia,13253,8594
Stewart,Georgia,13259,5798
Sumter,Georgia,13261,31626
Tattnall,Georgia,13267,25147
Telfair,Georgia,13271,16196
Terrell,Georgia,13273,9379
Thomas,Georgia,13275,46458
Tift,Georgia,13277,41027
Turner,Georgia,13287,8624
Ware,Georgia,13299,35094
Wayne,Georgia,13305,29612
Webster,Georgia,13307,2833
Wheeler,Georgia,13309,7905
Wilcox,Georgia,13315,9288
Worth,Georgia,13321,21111
Acadia,Louisiana,22001,64233
Allen,Louisiana,22003,27184
Ascension,Louisiana,22005,124274
Assumption,Louisiana,22007,24326
Avoyelles,Louisiana,22009,43493
Beauregard,Louisiana,22011,37335
Calcasieu,Louisiana,22019,204655
Caldwell,Louisiana,22021,10242
Cameron,Louisiana,22023,7408
Catahoula,Louisiana,22025,10384
Concordia,Louisiana,22029,20789
East Baton Rouge,Louisiana,22033,455183
East Feliciana,Louisiana,22037,20133
Evangeline,Louisiana,22039,35225
Grant,Louisiana,22043,23270
Iberia,Louisiana,22045,74654
Iberville,Louisiana,22047,34675
Jefferson,Louisiana,22051,436044
Jefferson Davis,Louisiana,22053,33324
Lafayette,Louisiana,22055,249487
Lafourche,Louisiana,22057,102036
La Salle,Louisiana,22059,15517
Livingston,Louisiana,22063,142761
Natchitoches,Louisiana,22069,40597
Orleans,Louisiana,22071,378952
Plaquemines,Louisiana,22075,24106
Pointe Coupee,Louisiana,22077,22931
Rapides,Louisiana,22079,138904
Red River,Louisiana,22081,8713
Sabine,Louisiana,22085,26229
St. Bernard,Louisiana,22087,42016
St. Charles,Louisiana,22089,55762
St. Helena,Louisiana,22091,11008
St. James,Louisiana,22093,22785
St. John the Baptist,Louisiana,22095,46127
St. Landry,Louisiana,22097,85834
St. Martin,Louisiana,22099,55795
St. Mary,Louisiana,22101,54463
St. Tammany,Louisiana,22103,259212
Tangipahoa,Louisiana,22105,133414
Tensas,Louisiana,22107,5076
Terrebonne,Louisiana,22109,116998
Vermilion,Louisiana,22113,61784
Vernon,Louisiana,22115,52870
Washington,Louisiana,22117,48152
West Baton Rouge,Louisiana,22121,26881
West Feliciana,Louisiana,22125,15859
Winn,Louisiana,22127,14938
Adams,Mississippi,28001,31160
Amite,Mississippi,28005,12545
Claiborne,Mississippi,28021,9331
Clarke,Mississippi,28023,16121
Copiah,Mississippi,28029,29484
Covington,Mississippi,28031,20137
Forrest,Mississippi,28035,75662
Franklin,Mississippi,28037,8081
George,Mississippi,28039,23759
Greene,Mississippi,28041,13708
Hancock,Mississippi,28045,48810
Harrison,Mississippi,28047,205027
Jackson,Mississippi,28059,144768
Jasper,Mississippi,28061,17125
Jefferson,Mississippi,28063,7644
Jefferson Davis,Mississippi,28065,11776
Jones,Mississippi,28067,69444
Lamar,Mississippi,28073,58929
Lawrence,Mississippi,28077,13333
Lincoln,Mississippi,28085,35319
Marion,Mississippi,28091,26158
Pearl River,Mississippi,28109,56827
Perry,Mississippi,28111,12551
Pike,Mississippi,28113,40438
Simpson,Mississippi,28127,27769
Smith,Mississippi,28129,16696
Stone,Mississippi,28131,18163
Walthall,Mississippi,28147,14801
Wayne,Mississippi,28153,21161
Wilkinson,Mississippi,28157,9239
Bibb,Alabama,01007,22932
Colbert,Alabama,01033,55293
Fayette,Alabama,01057,17103
Franklin,Alabama,01059,31740
Greene,Alabama,01063,8631
Hale,Alabama,01065,15180
Lamar,Alabama,01075,13888
Lauderdale,Alabama,01077,93545
Lawrence,Alabama,01079,33468
Marengo,Alabama,01091,20210
Marion,Alabama,01093,30585
Perry,Alabama,01105,10241
Pickens,Alabama,01107,21178
Sumter,Alabama,01119,13340
Tuscaloosa,Alabama,01125,211242
Walker,Alabama,01127,66054
Winston,Alabama,01133,24318
Arkansas,Arkansas,05001,18790
Ashley,Arkansas,05003,20919
Baxter,Arkansas,05005,42010
Boone,Arkansas,05009,37747
Bradley,Arkansas,05011,11414
Calhoun,Arkansas,05013,5234
Carroll,Arkansas,05015,28267
Chicot,Arkansas,05017,11204
Clark,Arkansas,05019,22930
Clay,Arkansas,05021,15607
Cleburne,Arkansas,05023,25888
Cleveland,Arkansas,05025,8373
Bolivar,Mississippi,28011,33873
Columbia,Arkansas,05027,24674
Conway,Arkansas,05029,21204
Craighead,Arkansas,05031,108888
Crittenden,Arkansas,05035,49669
Cross,Arkansas,05037,17482
Dallas,Arkansas,05039,7526
Desha,Arkansas,05041,12014
Drew,Arkansas,05043,19257
Faulkner,Arkansas,05045,123888
Fulton,Arkansas,05049,12264
Garland,Arkansas,05051,99201
Grant,Arkansas,05053,18385
Greene,Arkansas,05055,45083
Hot Spring,Arkansas,05059,33472
Independence,Arkansas,05063,37680
Izard,Arkansas,05065,13628
Jackson,Arkansas,05067,17936
Jefferson,Arkansas,05069,71132
Johnson,Arkansas,05071,26605
Lafayette,Arkansas,05073,7141
Lawrence,Arkansas,05075,16908
Lee,Arkansas,05077,9665
Lincoln,Arkansas,05079,14018
Lonoke,Arkansas,05085,73684
Marion,Arkansas,05089,16732
Mississippi,Arkansas,05093,45003
Monroe,Arkansas,05095,7496
Montgomery,Arkansas,05097,9072
Nevada,Arkansas,05099,8759
Newton,Arkansas,05101,8037
Ouachita,Arkansas,05103,24858
Perry,Arkansas,05105,10401
Phillips,Arkansas,05107,20428
Pike,Arkansas,05109,10978
Poinsett,Arkansas,05111,24551
Pope,Arkansas,05115,64752
Prairie,Arkansas,05117,8349
Pulaski,Arkansas,05119,402928
Randolph,Arkansas,05121,17619
St. Francis,Arkansas,05123,26267
Saline,Arkansas,05125,120353
Searcy,Arkansas,05129,7913
Sharp,Arkansas,05135,17379
Stone,Arkansas,05137,12687
Union,Arkansas,05139,40886
Van Buren,Arkansas,05141,16732
White,Arkansas,05145,80669
Woodruff,Arkansas,05147,6784
Yell,Arkansas,05149,22086
Alexander,Illinois,17003,7123
Franklin,Illinois,17055,39807
Gallatin,Illinois,17059,5274
Hamilton,Illinois,17065,8261
Hardin,Illinois,17069,4137
Jackson,Illinois,17077,60093
Jefferson,Illinois,17081,38462
Johnson,Illinois,17087,13069
Massac,Illinois,17127,14981
Monroe,Illinois,17133,34585
Perry,Illinois,17145,22056
Pope,Illinois,17151,4256
Pulaski,Illinois,17153,5813
Randolph,Illinois,17157,33459
Saline,Illinois,17165,24979
Union,Illinois,17181,17914
Washington,Illinois,17189,14716
White,Illinois,17193,14400
Williamson,Illinois,17199,68548
Gibson,Indiana,18051,34947
Posey,Indiana,18129,25883
Vanderburgh,Indiana,18163,184584
Warrick,Indiana,18173,63442
Ballard,Kentucky,21007,8372
Caldwell,Kentucky,21033,12728
Calloway,Kentucky,21035,38935
Carlisle,Kentucky,21039,5018
Christian,Kentucky,21047,76611
Crittenden,Kentucky,21055,9208
Fulton,Kentucky,21075,6633
Graves,Kentucky,21083,37746
Henderson,Kentucky,21101,46795
Hickman,Kentucky,21105,4730
Hopkins,Kentucky,21107,47061
Livingston,Kentucky,21139,9585
Lyon,Kentucky,21143,8735
McCracken,Kentucky,21145,66693
McLean,Kentucky,21149,9647
Marshall,Kentucky,21157,31591
Todd,Kentucky,21219,12763
Trigg,Kentucky,21221,14556
Union,Kentucky,21225,15134
Webster,Kentucky,21233,13232
Bienville,Louisiana,22013,13993
Bossier,Louisiana,22015,134168
Claiborne,Louisiana,22027,16628
East Carroll,Louisiana,22035,7690
Franklin,Louisiana,22041,21409
Jackson,Louisiana,22049,16410
Lincoln,Louisiana,22061,48517
Madison,Louisiana,22065,11737
Morehouse,Louisiana,22067,26807
Ouachita,Louisiana,22073,160178
Richland,Louisiana,22083,21497
Union,Louisiana,22111,23098
Webster,Louisiana,22119,42256
West Carroll,Louisiana,22123,11522
Alcorn,Mississippi,28003,37808
Attala,Mississippi,28007,19396
Benton,Mississippi,28009,8431
Bristol Bay,Alaska,02060,900
Denali,Alaska,02068,1846
Sterling,Texas,48431,1216
Alfalfa,Oklahoma,40003,5965
Calhoun,Mississippi,28013,14767
Atoka,Oklahoma,40005,14991
Beaver,Oklahoma,40007,5499
Sutton,Texas,48435,4037
Dillingham,Alaska,02070,4998
Terrell,Texas,48443,826
Beckham,Oklahoma,40009,24056
Carroll,Mississippi,28015,10960
Tom Green,Texas,48451,120439
Blaine,Oklahoma,40011,9855
Fairbanks North Star,Alaska,02090,101502
Travis,Texas,48453,1210061
Bryan,Oklahoma,40013,46774
Chickasaw,Mississippi,28017,17498
Haines,Alaska,02100,2529
Trinity,Texas,48455,15630
Caddo,Oklahoma,40015,30279
Canadian,Oklahoma,40017,139185
Carter,Oklahoma,40019,50401
Cherokee,Oklahoma,40021,49288
Choctaw,Oklahoma,40023,15308
Cimarron,Oklahoma,40025,2200
Cleveland,Oklahoma,40027,283454
Coal,Oklahoma,40029,5885
Comanche,Oklahoma,40031,126927
Cotton,Oklahoma,40033,6146
Craig,Oklahoma,40035,15244
Creek,Oklahoma,40037,72147
Custer,Oklahoma,40039,30823
Delaware,Oklahoma,40041,42498
Dewey,Oklahoma,40043,5026
Ellis,Oklahoma,40045,4290
Garfield,Oklahoma,40047,64260
Garvin,Oklahoma,40049,28375
Grady,Oklahoma,40051,56266
Grant,Oklahoma,40053,4547
Greer,Oklahoma,40055,6194
Harmon,Oklahoma,40057,2832
Harper,Oklahoma,40059,3733
Haskell,Oklahoma,40061,13440
Hughes,Oklahoma,40063,13834
Jackson,Oklahoma,40065,25843
Jefferson,Oklahoma,40067,6406
Johnston,Oklahoma,40069,11227
Kay,Oklahoma,40071,45731
Kingfisher,Oklahoma,40073,16180
Kiowa,Oklahoma,40075,9175
Latimer,Oklahoma,40077,10903
Le Flore,Oklahoma,40079,51607
Lincoln,Oklahoma,40081,35569
Logan,Oklahoma,40083,46671
Love,Oklahoma,40085,10565
McClain,Oklahoma,40087,39921
McCurtain,Oklahoma,40089,33563
McIntosh,Oklahoma,40091,20570
Major,Oklahoma,40093,8047
Marshall,Oklahoma,40095,16827
Mayes,Oklahoma,40097,42123
Murray,Oklahoma,40099,14482
Muskogee,Oklahoma,40101,71029
Noble,Oklahoma,40103,11601
Nowata,Oklahoma,40105,10835
Okfuskee,Oklahoma,40107,12783
Oklahoma,Oklahoma,40109,809005
Okmulgee,Oklahoma,40111,39798
Osage,Oklahoma,40113,47818
Ottawa,Oklahoma,40115,32286
Pawnee,Oklahoma,40117,16545
Payne,Oklahoma,40119,82461
Pittsburg,Oklahoma,40121,45554
Pontotoc,Oklahoma,40123,38868
Pottawatomie,Oklahoma,40125,72652
Pushmataha,Oklahoma,40127,11422
Roger Mills,Oklahoma,40129,3747
Rogers,Oklahoma,40131,92768
Seminole,Oklahoma,40133,25620
Sequoyah,Oklahoma,40135,43282
Stephens,Oklahoma,40137,45074
Texas,Oklahoma,40139,21768
Tillman,Oklahoma,40141,7583
Tulsa,Oklahoma,40143,662887
Wagoner,Oklahoma,40145,78327
Washington,Oklahoma,40147,52946
Washita,Oklahoma,40149,11558
Woods,Oklahoma,40151,9577
Woodward,Oklahoma,40153,21992
Aurora,South Dakota,46003,2760
Beadle,South Dakota,46005,18504
Bennett,South Dakota,46007,3412
Bon Homme,South Dakota,46009,6949
Brookings,South Dakota,46011,34978
Brule,South Dakota,46015,5397
Buffalo,South Dakota,46017,2032
Charles Mix,South Dakota,46023,9508
Clay,South Dakota,46027,14041
Custer,South Dakota,46033,8608
Davison,South Dakota,46035,20233
Douglas,South Dakota,46043,3022
Fall River,South Dakota,46047,7300
Gregory,South Dakota,46053,4227
Haakon,South Dakota,46055,1901
Hand,South Dakota,46059,3420
Hanson,South Dakota,46061,3398
Hughes,South Dakota,46065,17843
Hutchinson,South Dakota,46067,7412
Hyde,South Dakota,46069,1391
Jackson,South Dakota,46071,3255
Jerauld,South Dakota,46073,2083
Jones,South Dakota,46075,912
Kingsbury,South Dakota,46077,4963
Lake,South Dakota,46079,12423
Lawrence,South Dakota,46081,26009
Lincoln,South Dakota,46083,55236
Lyman,South Dakota,46085,3924
McCook,South Dakota,46087,5781
Meade,South Dakota,46093,27636
Mellette,South Dakota,46095,2028
Miner,South Dakota,46097,2307
Minnehaha,South Dakota,46099,192782
Moody,South Dakota,46101,6525
Pennington,South Dakota,46103,112158
Sanborn,South Dakota,46111,2379
Oglala Lakota,South Dakota,46102,14128
Stanley,South Dakota,46117,2996
Todd,South Dakota,46121,9658
Tripp,South Dakota,46123,5474
Turner,South Dakota,46125,8481
Union,South Dakota,46127,15835
Yankton,South Dakota,46135,22681
Andrews,Texas,48003,18249
Archer,Texas,48009,8825
Armstrong,Texas,48011,1930
Bailey,Texas,48017,7262
Baylor,Texas,48023,3654
Borden,Texas,48033,661
Bowie,Texas,48037,95570
Briscoe,Texas,48045,1579
Callahan,Texas,48059,14075
Camp,Texas,48063,12826
Carson,Texas,48065,5955
Cass,Texas,48067,31417
Castro,Texas,48069,7814
Childress,Texas,48075,7277
Clay,Texas,48077,11057
Cochran,Texas,48079,3002
Collin,Texas,48085,953140
Collingsworth,Texas,48087,3130
Cooke,Texas,48097,40304
Cottle,Texas,48101,1412
Crosby,Texas,48107,5938
Dallam,Texas,48111,7189
Dallas,Texas,48113,2609461
Dawson,Texas,48115,13842
Deaf Smith,Texas,48117,18915
Delta,Texas,48119,5421
Denton,Texas,48121,811627
Dickens,Texas,48125,2291
Donley,Texas,48129,3542
Eastland,Texas,48133,18941
Ellis,Texas,48139,168431
Erath,Texas,48143,42586
Fannin,Texas,48147,34567
Fisher,Texas,48151,3911
Floyd,Texas,48153,6018
Foard,Texas,48155,1214
Franklin,Texas,48159,10880
Gaines,Texas,48165,20733
Garza,Texas,48169,6041
Gray,Texas,48179,23678
Grayson,Texas,48181,128367
Gregg,Texas,48183,128280
Hale,Texas,48189,34939
Hall,Texas,48191,3236
Hansford,Texas,48195,5680
Hardeman,Texas,48197,3861
Harrison,Texas,48203,68408
Hartley,Texas,48205,6269
Haskell,Texas,48207,5701
Hemphill,Texas,48211,4411
Henderson,Texas,48213,82159
Hockley,Texas,48219,24240
Hood,Texas,48221,56653
Hopkins,Texas,48223,37152
Howard,Texas,48227,39604
Hunt,Texas,48231,92684
Hutchinson,Texas,48233,22547
Jack,Texas,48237,9005
Johnson,Texas,48251,165860
Jones,Texas,48253,20057
Kaufman,Texas,48257,118233
Kent,Texas,48263,767
King,Texas,48269,288
Knox,Texas,48275,3937
Lamar,Texas,48277,49621
Lamb,Texas,48279,13184
Lipscomb,Texas,48295,3555
Lubbock,Texas,48303,308733
Lynn,Texas,48305,5720
Marion,Texas,48315,10414
Martin,Texas,48317,5407
Mitchell,Texas,48335,9214
Montague,Texas,48337,20108
Moore,Texas,48341,22446
Morris,Texas,48343,12866
Motley,Texas,48345,1155
Nolan,Texas,48353,15419
Ochiltree,Texas,48357,10880
Oldham,Texas,48359,2081
Palo Pinto,Texas,48363,29255
Panola,Texas,48365,24380
Parker,Texas,48367,129660
Parmer,Texas,48369,9978
Potter,Texas,48375,124831
Rains,Texas,48379,11580
Randall,Texas,48381,133084
Red River,Texas,48387,12506
Roberts,Texas,48393,921
Rockwall,Texas,48397,94870
Rusk,Texas,48401,53515
Scurry,Texas,48415,17891
Shackelford,Texas,48417,3446
Sherman,Texas,48421,3076
Smith,Texas,48423,224513
Somervell,Texas,48425,8819
Stephens,Texas,48429,9506
Stonewall,Texas,48433,1425
Swisher,Texas,48437,7568
Tarrant,Texas,48439,2009543
Taylor,Texas,48441,139013
Terry,Texas,48445,12923
Throckmorton,Texas,48447,1587
Titus,Texas,48449,33149
Upshur,Texas,48459,41273
Van Zandt,Texas,48467,54967
Wheeler,Texas,48483,5720
Wichita,Texas,48485,134258
Wilbarger,Texas,48487,13122
Wise,Texas,48497,65315
Wood,Texas,48499,44907
Yoakum,Texas,48501,8628
Young,Texas,48503,19016
Albany,Wyoming,56001,39144
Campbell,Wyoming,56005,50762
Converse,Wyoming,56009,14687
Crook,Wyoming,56011,7358
Goshen,Wyoming,56015,13441
Johnson,Wyoming,56019,8661
Laramie,Wyoming,56021,99790
Niobrara,Wyoming,56027,2549
Platte,Wyoming,56031,9136
Weston,Wyoming,56045,7480
Adams,Idaho,16003,3938
Benewah,Idaho,16009,9396
Bonner,Idaho,16017,42641
Boundary,Idaho,16021,11921
Clearwater,Idaho,16035,8710
Idaho,Idaho,16049,16386
Kootenai,Idaho,16055,157914
Latah,Idaho,16057,39680
Lemhi,Idaho,16059,8065
Lewis,Idaho,16061,3817
Nez Perce,Idaho,16069,40738
Shoshone,Idaho,16079,12316
Valley,Idaho,16085,10014
Becker,Minnesota,27005,34606
Beltrami,Minnesota,27007,46658
Benton,Minnesota,27009,40341
Big Stone,Minnesota,27011,5114
Carver,Minnesota,27019,103180
Cass,Minnesota,27021,30012
Chippewa,Minnesota,27023,12324
Clay,Minnesota,27027,65061
Clearwater,Minnesota,27029,8940
Crow Wing,Minnesota,27035,65850
Douglas,Minnesota,27041,38459
Grant,Minnesota,27051,6147
Hubbard,Minnesota,27057,20857
Itasca,Minnesota,27061,46385
Kandiyohi,Minnesota,27067,43485
Kittson,Minnesota,27069,4455
Koochiching,Minnesota,27071,12812
Lac qui Parle,Minnesota,27073,6964
Lake of the Woods,Minnesota,27077,3986
McLeod,Minnesota,27085,36431
Mahnomen,Minnesota,27087,5416
Marshall,Minnesota,27089,9503
Meeker,Minnesota,27093,23547
Morrison,Minnesota,27097,34311
Norman,Minnesota,27107,6855
Otter Tail,Minnesota,27111,59312
Pennington,Minnesota,27113,14540
Polk,Minnesota,27119,32423
Pope,Minnesota,27121,11456
Red Lake,Minnesota,27125,4178
Renville,Minnesota,27129,15008
Roseau,Minnesota,27135,16070
Sherburne,Minnesota,27141,93526
Stearns,Minnesota,27145,160105
Stevens,Minnesota,27149,9921
Swift,Minnesota,27151,9409
Todd,Minnesota,27153,25043
Traverse,Minnesota,27155,3509
Wadena,Minnesota,27159,14222
Wilkin,Minnesota,27167,6529
Wright,Minnesota,27171,134829
Yellow Medicine,Minnesota,27173,10115
Beaverhead,Montana,30001,9303
Big Horn,Montana,30003,13203
Blaine,Montana,30005,6629
Broadwater,Montana,30007,5771
Carbon,Montana,30009,10456
Carter,Montana,30011,1186
Cascade,Montana,30013,83524
Chouteau,Montana,30015,5679
Custer,Montana,30017,12529
Daniels,Montana,30019,1717
Dawson,Montana,30021,9685
Deer Lodge,Montana,30023,9227
Fallon,Montana,30025,3190
Fergus,Montana,30027,11797
Flathead,Montana,30029,99637
Gallatin,Montana,30031,106815
Garfield,Montana,30033,1284
Glacier,Montana,30035,13756
Golden Valley,Montana,30037,853
Granite,Montana,30039,3105
Hill,Montana,30041,16622
Jefferson,Montana,30043,11712
Judith Basin,Montana,30045,1941
Lake,Montana,30047,30096
Lewis and Clark,Montana,30049,67925
Liberty,Montana,30051,2377
Lincoln,Montana,30053,19621
McCone,Montana,30055,1791
Madison,Montana,30057,7847
Meagher,Montana,30059,1850
Mineral,Montana,30061,4301
Missoula,Montana,30063,117299
Musselshell,Montana,30065,4519
Park,Montana,30067,16552
Petroleum,Montana,30069,476
Phillips,Montana,30071,4260
Pondera,Montana,30073,6170
Powder River,Montana,30075,1746
Powell,Montana,30077,6802
Prairie,Montana,30079,1186
Ravalli,Montana,30081,42269
Richland,Montana,30083,12160
Roosevelt,Montana,30085,11323
Rosebud,Montana,30087,9325
Sanders,Montana,30089,11189
Sheridan,Montana,30091,3778
Silver Bow,Montana,30093,35471
Stillwater,Montana,30095,9516
Sweet Grass,Montana,30097,3593
Teton,Montana,30099,6191
Toole,Montana,30101,5215
Treasure,Montana,30103,689
Valley,Montana,30105,7663
Wheatland,Montana,30107,2140
Wibaux,Montana,30109,1126
Yellowstone,Montana,30111,163372
Adams,North Dakota,38001,2406
Barnes,North Dakota,38003,11087
Benson,North Dakota,38005,6741
Billings,North Dakota,38007,926
Bottineau,North Dakota,38009,6986
Bowman,North Dakota,38011,3480
Burke,North Dakota,38013,2447
Burleigh,North Dakota,38015,98633
Cass,North Dakota,38017,180412
Cavalier,North Dakota,38019,3760
Dickey,North Dakota,38021,5129
Divide,North Dakota,38023,2498
Dunn,North Dakota,38025,4775
Eddy,North Dakota,38027,2429
Emmons,North Dakota,38029,3447
Foster,North Dakota,38031,3363
Golden Valley,North Dakota,38033,1863
Grand Forks,North Dakota,38035,74070
Grant,North Dakota,38037,2463
Griggs,North Dakota,38039,2348
Hettinger,North Dakota,38041,2677
Kidder,North Dakota,38043,2445
LaMoure,North Dakota,38045,4153
Logan,North Dakota,38047,1982
McHenry,North Dakota,38049,6098
McIntosh,North Dakota,38051,2790
McKenzie,North Dakota,38053,13766
McLean,North Dakota,38055,10340
Mercer,North Dakota,38057,9040
Morton,North Dakota,38059,32549
Mountrail,North Dakota,38061,10803
Nelson,North Dakota,38063,2908
Oliver,North Dakota,38065,1870
Pembina,North Dakota,38067,7161
Pierce,North Dakota,38069,4299
Ramsey,North Dakota,38071,11691
Ransom,North Dakota,38073,5634
Renville,North Dakota,38075,2615
Richland,North Dakota,38077,16374
Rolette,North Dakota,38079,14934
Sargent,North Dakota,38081,3920
Sheridan,North Dakota,38083,1345
Sioux,North Dakota,38085,4222
Slope,North Dakota,38087,783
Stark,North Dakota,38089,34421
Steele,North Dakota,38091,1937
Stutsman,North Dakota,38093,21618
Towner,North Dakota,38095,2243
Tyler,Texas,48457,22078
Choctaw,Mississippi,28019,8347
Upton,Texas,48461,3458
Hoonah-Angoon,Alaska,02105,2116
Uvalde,Texas,48463,28527
Val Verde,Texas,48465,48726
Victoria,Texas,48469,95435
Walker,Texas,48471,72244
Waller,Texas,48473,50223
Ward,Texas,48475,11799
Washington,Texas,48477,35310
Webb,Texas,48479,280575
Wharton,Texas,48481,42894
Willacy,Texas,48489,19277
Williamson,Texas,48491,528015
Wilson,Texas,48493,49046
Winkler,Texas,48495,7979
Zapata,Texas,48505,14410
Zavala,Texas,48507,12542
Benton,Arkansas,05007,259076
Crawford,Arkansas,05033,62606
Franklin,Arkansas,05047,17899
Hempstead,Arkansas,05057,22301
Howard,Arkansas,05061,13488
Little River,Arkansas,05081,12688
Logan,Arkansas,05083,22303
Madison,Arkansas,05087,16310
Miller,Arkansas,05091,44074
Polk,Arkansas,05113,20391
Scott,Arkansas,05127,10375
Sebastian,Arkansas,05131,130368
Sevier,Arkansas,05133,17641
Washington,Arkansas,05143,230614
Adams,Colorado,08001,499042
Alamosa,Colorado,08003,17017
Arapahoe,Colorado,08005,637891
Baca,Colorado,08009,3634
Bent,Colorado,08011,5943
Boulder,Colorado,08013,328355
Broomfield,Colorado,08014,68917
Chaffee,Colorado,08015,19280
Cheyenne,Colorado,08017,1786
Clear Creek,Colorado,08019,9426
Conejos,Colorado,08021,8132
Costilla,Colorado,08023,3640
Crowley,Colorado,08025,5646
Custer,Colorado,08027,4652
Denver,Colorado,08031,699791
Douglas,Colorado,08035,335339
Eagle,Colorado,08037,54768
Elbert,Colorado,08039,25458
El Paso,Colorado,08041,692861
Fremont,Colorado,08043,47250
Gilpin,Colorado,08047,6077
Grand,Colorado,08049,15157
Huerfano,Colorado,08055,6796
Jackson,Colorado,08057,1365
Jefferson,Colorado,08059,578496
Kiowa,Colorado,08061,1418
Kit Carson,Colorado,08063,7677
Lake,Colorado,08065,7877
Larimer,Colorado,08069,344588
Las Animas,Colorado,08071,14370
Lincoln,Colorado,08073,5570
Logan,Colorado,08075,22477
Morgan,Colorado,08087,28772
Otero,Colorado,08089,18563
Park,Colorado,08093,17257
Phillips,Colorado,08095,4458
Prowers,Colorado,08099,11883
Pueblo,Colorado,08101,165715
Rio Grande,Colorado,08105,11731
Saguache,Colorado,08109,6378
Sedgwick,Colorado,08115,2446
Summit,Colorado,08117,30492
Teller,Colorado,08119,24213
Washington,Colorado,08121,5037
Weld,Colorado,08123,298207
Yuma,Colorado,08125,10274
Adair,Iowa,19001,7440
Adams,Iowa,19003,3874
Audubon,Iowa,19009,5939
Boone,Iowa,19015,27125
Buena Vista,Iowa,19021,20626
Calhoun,Iowa,19025,9954
Carroll,Iowa,19027,20733
Cass,Iowa,19029,13649
Cherokee,Iowa,19035,11574
Clarke,Iowa,19039,9458
Clay,Iowa,19041,17333
Crawford,Iowa,19047,17138
Dallas,Iowa,19049,85873
Decatur,Iowa,19053,8654
Dickinson,Iowa,19059,17685
Emmet,Iowa,19063,9884
Fremont,Iowa,19071,7149
Greene,Iowa,19073,9087
Guthrie,Iowa,19077,10714
Hamilton,Iowa,19079,15420
Hancock,Iowa,19081,11046
Harrison,Iowa,19085,14638
Humboldt,Iowa,19091,9601
Ida,Iowa,19093,7038
Kossuth,Iowa,19109,15224
Lyon,Iowa,19119,11898
Madison,Iowa,19121,16117
Mills,Iowa,19129,15158
Monona,Iowa,19133,9134
Montgomery,Iowa,19137,10416
O'Brien,Iowa,19141,14190
Osceola,Iowa,19143,6240
Page,Iowa,19145,15796
Palo Alto,Iowa,19147,9332
Plymouth,Iowa,19149,25299
Pocahontas,Iowa,19151,7207
Pottawattamie,Iowa,19155,95284
Ringgold,Iowa,19159,5177
Sac,Iowa,19161,10115
Shelby,Iowa,19165,12025
Sioux,Iowa,19167,35559
Taylor,Iowa,19173,6212
Union,Iowa,19175,12400
Webster,Iowa,19187,37574
Winnebago,Iowa,19189,10785
Woodbury,Iowa,19193,105112
Wright,Iowa,19197,12909
Allen,Kansas,20001,12951
Anderson,Kansas,20003,8026
Atchison,Kansas,20005,16694
Barber,Kansas,20007,4932
Barton,Kansas,20009,27186
Bourbon,Kansas,20011,14958
Brown,Kansas,20013,9730
Butler,Kansas,20015,68889
Chase,Kansas,20017,2684
Chautauqua,Kansas,20019,3458
Cherokee,Kansas,20021,21306
Cheyenne,Kansas,20023,2708
Clark,Kansas,20025,2125
Clay,Kansas,20027,8487
Cloud,Kansas,20029,9466
Coffey,Kansas,20031,8773
Comanche,Kansas,20033,1899
Cowley,Kansas,20035,36176
Crawford,Kansas,20037,39333
Decatur,Kansas,20039,3013
Dickinson,Kansas,20041,19705
Doniphan,Kansas,20043,8009
Douglas,Kansas,20045,120191
Edwards,Kansas,20047,3050
Elk,Kansas,20049,2777
Ellis,Kansas,20051,29481
Ellsworth,Kansas,20053,6357
Finney,Kansas,20055,37532
Ford,Kansas,20057,35276
Franklin,Kansas,20059,26173
Geary,Kansas,20061,37842
Gove,Kansas,20063,2653
Graham,Kansas,20065,2594
Grant,Kansas,20067,7834
Gray,Kansas,20069,6287
Greeley,Kansas,20071,1275
Greenwood,Kansas,20073,6391
Hamilton,Kansas,20075,2625
Harper,Kansas,20077,5977
Harvey,Kansas,20079,35622
Haskell,Kansas,20081,4120
Hodgeman,Kansas,20083,1873
Jackson,Kansas,20085,13391
Jefferson,Kansas,20087,19435
Jewell,Kansas,20089,2921
Johnson,Kansas,20091,594874
Kearny,Kansas,20093,3985
Kingman,Kansas,20095,7894
Kiowa,Kansas,20097,2603
Labette,Kansas,20099,21435
Lane,Kansas,20101,1686
Leavenworth,Kansas,20103,80643
Lincoln,Kansas,20105,3126
Linn,Kansas,20107,10018
Logan,Kansas,20109,2837
Lyon,Kansas,20111,33815
McPherson,Kansas,20113,29868
Marion,Kansas,20115,12654
Marshall,Kansas,20117,9910
Meade,Kansas,20119,4454
Miami,Kansas,20121,33090
Mitchell,Kansas,20123,6349
Montgomery,Kansas,20125,34117
Morris,Kansas,20127,5810
Morton,Kansas,20129,3113
Nemaha,Kansas,20131,10454
Neosho,Kansas,20133,16495
Ness,Kansas,20135,3077
Norton,Kansas,20137,5606
Osage,Kansas,20139,15946
Osborne,Kansas,20141,3721
Ottawa,Kansas,20143,5999
Pawnee,Kansas,20145,6913
Phillips,Kansas,20147,5612
Pottawatomie,Kansas,20149,24483
Pratt,Kansas,20151,9668
Rawlins,Kansas,20153,2497
Reno,Kansas,20155,64379
Republic,Kansas,20157,4926
Rice,Kansas,20159,10281
Riley,Kansas,20161,76869
Rooks,Kansas,20163,5165
Rush,Kansas,20165,3243
Russell,Kansas,20167,7162
Saline,Kansas,20169,56256
Scott,Kansas,20171,5047
Sedgwick,Kansas,20173,522618
Seward,Kansas,20175,23207
Shawnee,Kansas,20177,181314
Sheridan,Kansas,20179,2494
Sherman,Kansas,20181,5891
Smith,Kansas,20183,3944
Stafford,Kansas,20185,4325
Stanton,Kansas,20187,2127
Stevens,Kansas,20189,5846
Sumner,Kansas,20191,23846
Thomas,Kansas,20193,7988
Trego,Kansas,20195,2952
Wabaunsee,Kansas,20197,7276
Wallace,Kansas,20199,1483
Washington,Kansas,20201,5611
Wichita,Kansas,20203,2147
Wilson,Kansas,20205,9097
Woodson,Kansas,20207,3147
Wyandotte,Kansas,20209,166945
Caddo,Louisiana,22017,256366
Blue Earth,Minnesota,27013,67969
Brown,Minnesota,27015,25708
Cottonwood,Minnesota,27033,11544
Faribault,Minnesota,27043,14233
Jackson,Minnesota,27063,10158
Le Sueur,Minnesota,27079,28008
Lincoln,Minnesota,27081,5795
Lyon,Minnesota,27083,26332
Martin,Minnesota,27091,20210
Murray,Minnesota,27101,8544
Nicollet,Minnesota,27103,34014
Nobles,Minnesota,27105,21801
Pipestone,Minnesota,27117,9358
Redwood,Minnesota,27127,15743
Rock,Minnesota,27133,9747
Sibley,Minnesota,27143,15454
Watonwan,Minnesota,27165,11036
Andrew,Missouri,29003,17415
Atchison,Missouri,29005,5396
Barry,Missouri,29009,35927
Barton,Missouri,29011,11944
Bates,Missouri,29013,16546
Buchanan,Missouri,29021,88501
Caldwell,Missouri,29025,9320
Cass,Missouri,29037,103069
Cedar,Missouri,29039,14389
Clay,Missouri,29047,236144
Clinton,Missouri,29049,20916
Dade,Missouri,29057,7767
Daviess,Missouri,29061,8867
DeKalb,Missouri,29063,12742
Gentry,Missouri,29075,6793
Harrison,Missouri,29081,8790
Henry,Missouri,29083,21650
Holt,Missouri,29087,4576
Jackson,Missouri,29095,705496
Jasper,Missouri,29097,125921
Johnson,Missouri,29101,54462
Lafayette,Missouri,29107,33794
Lawrence,Missouri,29109,39016
McDonald,Missouri,29119,23495
Newton,Missouri,29145,59077
Nodaway,Missouri,29147,23165
Platte,Missouri,29165,97789
Ray,Missouri,29177,23397
St. Clair,Missouri,29185,9616
Vernon,Missouri,29217,21305
Worth,Missouri,29227,2157
Adams,Nebraska,31001,32276
Antelope,Nebraska,31003,6440
Arthur,Nebraska,31005,464
Banner,Nebraska,31007,725
Blaine,Nebraska,31009,484
Boone,Nebraska,31011,5483
Box Butte,Nebraska,31013,11371
Boyd,Nebraska,31015,2006
Brown,Nebraska,31017,2969
Buffalo,Nebraska,31019,50058
Burt,Nebraska,31021,6674
Butler,Nebraska,31023,7991
Cass,Nebraska,31025,25814
Cedar,Nebraska,31027,8607
Chase,Nebraska,31029,3975
Cherry,Nebraska,31031,5992
Cheyenne,Nebraska,31033,10354
Clay,Nebraska,31035,6457
Colfax,Nebraska,31037,10621
Cuming,Nebraska,31039,9019
Custer,Nebraska,31041,10960
Dakota,Nebraska,31043,21291
Dawes,Nebraska,31045,9161
Dawson,Nebraska,31047,24203
Deuel,Nebraska,31049,1924
Dixon,Nebraska,31051,5860
Dodge,Nebraska,31053,37182
Douglas,Nebraska,31055,564242
Dundy,Nebraska,31057,1844
Fillmore,Nebraska,31059,5750
Franklin,Nebraska,31061,2965
Frontier,Nebraska,31063,2615
Furnas,Nebraska,31065,4904
Gage,Nebraska,31067,22194
Garden,Nebraska,31069,1962
Garfield,Nebraska,31071,2010
Gosper,Nebraska,31073,2042
Grant,Nebraska,31075,631
Greeley,Nebraska,31077,2431
Hall,Nebraska,31079,62944
Hamilton,Nebraska,31081,9471
Harlan,Nebraska,31083,3459
Hayes,Nebraska,31085,925
Hitchcock,Nebraska,31087,2879
Holt,Nebraska,31089,10227
Hooker,Nebraska,31091,752
Howard,Nebraska,31093,6639
Jefferson,Nebraska,31095,7285
Johnson,Nebraska,31097,5189
Kearney,Nebraska,31099,6581
Keith,Nebraska,31101,8187
Keya Paha,Nebraska,31103,816
Kimball,Nebraska,31105,3745
Knox,Nebraska,31107,8713
Lancaster,Nebraska,31109,314802
Lincoln,Nebraska,31111,36159
Logan,Nebraska,31113,790
Loup,Nebraska,31115,587
McPherson,Nebraska,31117,458
Madison,Nebraska,31119,35088
Merrick,Nebraska,31121,7916
Morrill,Nebraska,31123,4906
Nance,Nebraska,31125,3654
Nemaha,Nebraska,31127,7213
Nuckolls,Nebraska,31129,4435
Otoe,Nebraska,31131,16204
Pawnee,Nebraska,31133,2685
Perkins,Nebraska,31135,2975
Phelps,Nebraska,31137,9449
Pierce,Nebraska,31139,7298
Platte,Nebraska,31141,33097
Polk,Nebraska,31143,5173
Red Willow,Nebraska,31145,10801
Richardson,Nebraska,31147,8125
Rock,Nebraska,31149,1501
Saline,Nebraska,31151,14694
Sarpy,Nebraska,31153,183139
Saunders,Nebraska,31155,21699
Scotts Bluff,Nebraska,31157,36946
Seward,Nebraska,31159,17527
Sheridan,Nebraska,31161,5296
Sherman,Nebraska,31163,3153
Sioux,Nebraska,31165,1286
Stanton,Nebraska,31167,6239
Thayer,Nebraska,31169,5183
Thomas,Nebraska,31171,672
Thurston,Nebraska,31173,7129
Valley,Nebraska,31175,4264
Washington,Nebraska,31177,20556
Wayne,Nebraska,31179,9528
Webster,Nebraska,31181,3763
Wheeler,Nebraska,31183,766
York,Nebraska,31185,14047
Bernalillo,New Mexico,35001,686270
Chaves,New Mexico,35005,66547
Colfax,New Mexico,35007,12730
Curry,New Mexico,35009,53289
De Baca,New Mexico,35011,1835
Eddy,New Mexico,35015,59551
Guadalupe,New Mexico,35019,4509
Harding,New Mexico,35021,707
Lea,New Mexico,35025,72825
Lincoln,New Mexico,35027,19716
Los Alamos,New Mexico,35028,17738
Mora,New Mexico,35033,4738
Otero,New Mexico,35035,64142
Quay,New Mexico,35037,8714
Rio Arriba,New Mexico,35039,38716
Roosevelt,New Mexico,35041,19080
San Miguel,New Mexico,35047,29041
Santa Fe,New Mexico,35049,151567
Taos,New Mexico,35055,32413
Torrance,New Mexico,35057,15714
Union,New Mexico,35059,4237
Adair,Oklahoma,40001,22623
Juneau,Alaska,02110,33384
Clay,Mississippi,28025,20243
Kenai Peninsula,Alaska,02122,58066
Coahoma,Mississippi,28027,24936
Ketchikan Gateway,Alaska,02130,13808
Kodiak Island,Alaska,02150,14169
Lake and Peninsula,Alaska,02164,1577
Matanuska-Susitna,Alaska,02170,101160
Nome,Alaska,02180,9668
North Slope,Alaska,02185,9664
Northwest Arctic,Alaska,02188,7749
Petersburg,Alaska,02195,3367
Prince of Wales-Hyder,Alaska,02198,6096
Sitka,Alaska,02220,9162
Skagway,Alaska,02230,1046
Southeast Fairbanks,Alaska,02240,6773
Valdez-Cordova,Alaska,02261,9333
Kusilvak,Alaska,02158,7885
Wrangell,Alaska,02275,2362
Yakutat,Alaska,02282,618
Yukon-Koyukuk,Alaska,02290,5419
Alameda,California,06001,1647386
Amador,California,06005,37913
Butte,California,06007,229177
Calaveras,California,06009,44859
Colusa,California,06011,22344
Contra Costa,California,06013,1135585
Del Norte,California,06015,27363
El Dorado,California,06017,191254
Glenn,California,06021,28774
Humboldt,California,06023,138972
Kings,California,06031,152405
Lake,California,06033,65976
Lassen,California,06035,32275
Marin,California,06041,261748
Mariposa,California,06043,18014
Mendocino,California,06045,89584
Merced,California,06047,271689
Modoc,California,06049,9489
Monterey,California,06053,431696
Napa,California,06055,143012
Nevada,California,06057,101215
Placer,California,06061,381674
Plumas,California,06063,19292
Sacramento,California,06067,1513201
San Benito,California,06069,59354
San Francisco,California,06075,871042
San Joaquin,California,06077,744029
San Luis Obispo,California,06079,284693
San Mateo,California,06081,763610
Santa Barbara,California,06083,449510
Santa Clara,California,06085,1958087
Santa Cruz,California,06087,278575
Shasta,California,06089,181656
Sierra,California,06091,3079
Siskiyou,California,06093,45000
Solano,California,06095,439903
Sonoma,California,06097,509142
Stanislaus,California,06099,540604
Sutter,California,06101,97309
Tehama,California,06103,65042
Trinity,California,06105,13367
Tuolumne,California,06109,55346
Yolo,California,06113,216044
Yuba,California,06115,76307
Hawaii,Hawaii,15001,204027
Honolulu,Hawaii,15003,1014211
Kalawao,Hawaii,15005,91
Kauai,Hawaii,15007,73169
Maui,Hawaii,15009,169713
Benton,Oregon,41003,90650
Clackamas,Oregon,41005,411843
Clatsop,Oregon,41007,38782
Columbia,Oregon,41009,50668
Coos,Oregon,41011,64733
Crook,Oregon,41013,22203
Curry,Oregon,41015,23615
Deschutes,Oregon,41017,184144
Douglas,Oregon,41019,110879
Gilliam,Oregon,41021,1883
Hood River,Oregon,41027,24114
Jackson,Oregon,41029,216670
Jefferson,Oregon,41031,23452
Josephine,Oregon,41033,86852
Klamath,Oregon,41035,67596
Lake,Oregon,41037,7952
Lane,Oregon,41039,372145
Lincoln,Oregon,41041,48565
Linn,Oregon,41043,122500
Marion,Oregon,41047,337117
Multnomah,Oregon,41051,801725
Polk,Oregon,41053,81648
Sherman,Oregon,41055,1707
Tillamook,Oregon,41057,26115
Wasco,Oregon,41065,26402
Washington,Oregon,41067,587291
Wheeler,Oregon,41069,1367
Yamhill,Oregon,41071,104675
Chelan,Washington,53007,76981
Clallam,Washington,53009,75717
Clark,Washington,53011,470604
Cowlitz,Washington,53015,105460
Grays Harbor,Washington,53027,73154
Island,Washington,53029,83436
Jefferson,Washington,53031,31374
King,Washington,53033,2161990
Kitsap,Washington,53035,264059
Kittitas,Washington,53037,44439
Klickitat,Washington,53039,21241
Lewis,Washington,53041,77144
Mason,Washington,53045,62695
Okanogan,Washington,53047,41856
Pacific,Washington,53049,21006
Pierce,Washington,53053,862336
San Juan,Washington,53055,16450
Skagit,Washington,53057,123393
Skamania,Washington,53059,11386
Snohomish,Washington,53061,784389
Thurston,Washington,53067,273662
Wahkiakum,Washington,53069,4051
Whatcom,Washington,53073,218190
Yakima,Washington,53077,249611
Apache,Arizona,04001,70845
Cochise,Arizona,04003,130158
Coconino,Arizona,04005,142240
Gila,Arizona,04007,54696
Graham,Arizona,04009,39219
Greenlee,Arizona,04011,9954
La Paz,Arizona,04012,20195
Maricopa,Arizona,04013,4310918
Mohave,Arizona,04015,210568
Navajo,Arizona,04017,108153
Pima,Arizona,04019,1029203
Pinal,Arizona,04021,421992
Santa Cruz,Arizona,04023,46955
Yavapai,Arizona,04025,229102
Yuma,Arizona,04027,207370
Alpine,California,06003,1080
Fresno,California,06019,989303
Imperial,California,06025,182795
Inyo,California,06027,18416
Kern,California,06029,897549
Los Angeles,California,06037,10275545
Madera,California,06039,156213
Mono,California,06051,13680
Orange,California,06059,3229809
Riverside,California,06065,2388710
San Bernardino,California,06071,2153382
San Diego,California,06073,3328647
Tulare,California,06107,467780
Ventura,California,06111,861790
Archuleta,Colorado,08007,12563
Delta,Colorado,08029,30485
Dolores,Colorado,08033,1990
Garfield,Colorado,08045,60243
Gunnison,Colorado,08051,16461
Hinsdale,Colorado,08053,769
La Plata,Colorado,08067,56330
Mesa,Colorado,08077,153147
Mineral,Colorado,08079,750
Moffat,Colorado,08081,13738
Montezuma,Colorado,08083,27171
Montrose,Colorado,08085,42170
Ouray,Colorado,08091,4741
Pitkin,Colorado,08097,18452
Rio Blanco,Colorado,08103,6462
Routt,Colorado,08107,24334
San Juan,Colorado,08111,699
San Miguel,Colorado,08113,8043
Ada,Idaho,16001,454935
Bannock,Idaho,16005,85802
Bear Lake,Idaho,16007,6013
Bingham,Idaho,16011,46478
Blaine,Idaho,16013,21658
Boise,Idaho,16015,7152
Bonneville,Idaho,16019,113469
Butte,Idaho,16023,2639
Camas,Idaho,16025,1070
Canyon,Idaho,16027,213854
Caribou,Idaho,16029,6933
Cassia,Idaho,16031,24514
Clark,Idaho,16033,953
Custer,Idaho,16037,4076
Elmore,Idaho,16039,26631
Franklin,Idaho,16041,13561
Fremont,Idaho,16043,12945
Gem,Idaho,16045,17499
Gooding,Idaho,16047,15790
Jefferson,Idaho,16051,27909
Jerome,Idaho,16053,23112
Lincoln,Idaho,16063,5448
Madison,Idaho,16065,41431
Minidoka,Idaho,16067,20870
Oneida,Idaho,16071,4392
Owyhee,Idaho,16073,11940
Payette,Idaho,16075,23808
Power,Idaho,16077,7917
Teton,Idaho,16081,10738
Twin Falls,Idaho,16083,85480
Washington,Idaho,16087,10141
Churchill,Nevada,32001,24624
Clark,Nevada,32003,2192887
Douglas,Nevada,32005,48876
Elko,Nevada,32007,55538
Esmeralda,Nevada,32009,880
Eureka,Nevada,32011,2035
Humboldt,Nevada,32013,17675
Lander,Nevada,32015,6314
Lincoln,Nevada,32017,5047
Lyon,Nevada,32019,54703
Mineral,Nevada,32021,4551
Nye,Nevada,32023,45129
Pershing,Nevada,32027,6600
Storey,Nevada,32029,4042
Washoe,Nevada,32031,460932
White Pine,Nevada,32033,9909
Carson City,Nevada,32510,54305
Catron,New Mexico,35003,3627
Cibola,New Mexico,35006,27056
DoÃ±a Ana,New Mexico,35013,218357
Grant,New Mexico,35017,30055
Hidalgo,New Mexico,35023,4519
Luna,New Mexico,35029,24742
McKinley,New Mexico,35031,73636
Sandoval,New Mexico,35043,143429
San Juan,New Mexico,35045,123393
Sierra,New Mexico,35051,11344
Socorro,New Mexico,35053,18124
Valencia,New Mexico,35061,77501
Grant,Oregon,41023,7300
Harney,Oregon,41025,7360
Malheur,Oregon,41045,30709
Beaver,Utah,49001,6615
Box Elder,Utah,49003,54790
Cache,Utah,49005,124833
Carbon,Utah,49007,21137
Daggett,Utah,49009,1078
Davis,Utah,49011,349839
Duchesne,Utah,49013,22986
Emery,Utah,49015,10635
Garfield,Utah,49017,5196
Grand,Utah,49019,10292
Iron,Utah,49021,49271
Juab,Utah,49023,10820
Kane,Utah,49025,7164
Millard,Utah,49027,12734
Morgan,Utah,49029,12041
Piute,Utah,49031,1553
Rich,Utah,49033,2298
Salt Lake,Utah,49035,1141457
San Juan,Utah,49037,15767
Sanpete,Utah,49039,28946
Sevier,Utah,49041,21030
Summit,Utah,49043,40804
Tooele,Utah,49045,65770
Uintah,Utah,49047,40137
Utah,Utah,49049,602610
Wasatch,Utah,49051,32773
Washington,Utah,49053,168564
Wayne,Utah,49055,2726
Weber,Utah,49057,249349
Big Horn,Wyoming,56003,12271
Carbon,Wyoming,56007,15809
Fremont,Wyoming,56013,39845
Hot Springs,Wyoming,56017,4775
Lincoln,Wyoming,56023,19396
Natrona,Wyoming,56025,84646
Park,Wyoming,56029,30192
Sublette,Wyoming,56035,9466
Sweetwater,Wyoming,56037,44755
Teton,Wyoming,56039,23219
Uinta,Wyoming,56041,21790
Washakie,Wyoming,56043,8510
De Soto,Louisiana,22031,27732
Anderson,Texas,48001,58213
Angelina,Texas,48005,91334
Aransas,Texas,48007,26136
Atascosa,Texas,48013,49548
Austin,Texas,48015,30255
Bandera,Texas,48019,21939
Bastrop,Texas,48021,85115
Bee,Texas,48025,33841
Bell,Texas,48027,347297
Bexar,Texas,48029,1944744
Blanco,Texas,48031,11210
Bosque,Texas,48035,18467
Brazoria,Texas,48039,362521
Brazos,Texas,48041,222670
Brewster,Texas,48043,9289
Brooks,Texas,48047,7382
Brown,Texas,48049,38910
Burleson,Texas,48051,18560
Burnet,Texas,48053,47915
Caldwell,Texas,48055,42070
Calhoun,Texas,48057,22756
Cameron,Texas,48061,435665
Chambers,Texas,48071,41835
Cherokee,Texas,48073,52426
Coke,Texas,48081,3240
Coleman,Texas,48083,8479
Colorado,Texas,48089,21725
Comal,Texas,48091,137529
Comanche,Texas,48093,14088
Concho,Texas,48095,4012
Coryell,Texas,48099,78428
Crane,Texas,48103,5124
Crockett,Texas,48105,3743
Culberson,Texas,48109,2318
DeWitt,Texas,48123,20797
Dimmit,Texas,48127,11963
Duval,Texas,48131,11466
Ector,Texas,48135,165027
Edwards,Texas,48137,1908
El Paso,Texas,48141,864353
Falls,Texas,48145,17585
Fayette,Texas,48149,25417
Fort Bend,Texas,48157,762890
Freestone,Texas,48161,20394
Frio,Texas,48163,18943
Galveston,Texas,48167,335433
Gillespie,Texas,48171,26582
Glasscock,Texas,48173,1306
Goliad,Texas,48175,7858
Gonzales,Texas,48177,21360
Grimes,Texas,48185,28386
Guadalupe,Texas,48187,157585
Hamilton,Texas,48193,8280
Hardin,Texas,48199,58929
Harris,Texas,48201,4666093
Hays,Texas,48209,211721
Hidalgo,Texas,48215,871103
Hill,Texas,48217,35054
Houston,Texas,48225,23368
Hudspeth,Texas,48229,3448
Irion,Texas,48235,1562
Jackson,Texas,48239,14997
Jasper,Texas,48241,36407
Jeff Davis,Texas,48243,2231
Jefferson,Texas,48245,259676
Jim Hogg,Texas,48247,5306
Jim Wells,Texas,48249,42483
Karnes,Texas,48255,15232
Kendall,Texas,48259,43421
Kenedy,Texas,48261,386
Kerr,Texas,48265,52235
Kimble,Texas,48267,4494
Kinney,Texas,48271,3529
Kleberg,Texas,48273,32638
Lampasas,Texas,48281,20968
La Salle,Texas,48283,7865
Lavaca,Texas,48285,20489
Lee,Texas,48287,17473
Leon,Texas,48289,17461
Liberty,Texas,48291,83711
Limestone,Texas,48293,23357
Live Oak,Texas,48297,12388
Llano,Texas,48299,21387
Loving,Texas,48301,82
McCulloch,Texas,48307,8659
McLennan,Texas,48309,250935
McMullen,Texas,48311,809
Madison,Texas,48313,14197
Mason,Texas,48319,3995
Matagorda,Texas,48321,37843
Maverick,Texas,48323,58776
Medina,Texas,48325,49947
Menard,Texas,48327,2182
Midland,Texas,48329,166146
Milam,Texas,48331,25472
Mills,Texas,48333,5163
Montgomery,Texas,48339,563209
Nacogdoches,Texas,48347,65909
Navarro,Texas,48349,50142
Newton,Texas,48351,14243
Nueces,Texas,48355,370403
Orange,Texas,48361,85882
Pecos,Texas,48371,16453
Polk,Texas,48373,49942
Presidio,Texas,48377,7364
Reagan,Texas,48383,3739
Real,Texas,48385,3233
Reeves,Texas,48389,14395
Refugio,Texas,48391,7414
Robertson,Texas,48395,17272
Runnels,Texas,48399,10425
Sabine,Texas,48403,10758
San Augustine,Texas,48405,8623
San Jacinto,Texas,48407,28148
San Patricio,Texas,48409,68903
San Saba,Texas,48411,5989
Schleicher,Texas,48413,3413
Shelby,Texas,48419,26861
DeSoto,Mississippi,28033,178009
Grenada,Mississippi,28043,22380
Hinds,Mississippi,28049,243165
Holmes,Mississippi,28051,18437
Humphreys,Mississippi,28053,8556
Issaquena,Mississippi,28055,1325
Itawamba,Mississippi,28057,24317
Kemper,Mississippi,28069,10677
Lafayette,Mississippi,28071,55118
Lauderdale,Mississippi,28075,80655
Leake,Mississippi,28079,22438
Lee,Mississippi,28081,86611
Leflore,Mississippi,28083,31148
Lowndes,Mississippi,28087,60592
Madison,Mississippi,28089,107968
Marshall,Mississippi,28093,37091
Monroe,Mississippi,28095,36660
Montgomery,Mississippi,28097,10067
Neshoba,Mississippi,28099,29554
Newton,Mississippi,28101,22021
Noxubee,Mississippi,28103,11185
Oktibbeha,Mississippi,28105,50175
Panola,Mississippi,28107,35569
Pontotoc,Mississippi,28115,31624
Prentiss,Mississippi,28117,25541
Quitman,Mississippi,28119,7389
Rankin,Mississippi,28121,150867
Scott,Mississippi,28123,29480
Sharkey,Mississippi,28125,4786
Sunflower,Mississippi,28133,26622
Tallahatchie,Mississippi,28135,14617
Tate,Mississippi,28137,29297
Tippah,Mississippi,28139,22930
Tishomingo,Mississippi,28141,20223
Tunica,Mississippi,28143,10972
Union,Mississippi,28145,28905
Warren,Mississippi,28149,48277
Washington,Mississippi,28151,48082
Webster,Mississippi,28155,10117
Winston,Mississippi,28159,18285
Yalobusha,Mississippi,28161,12779
Yazoo,Mississippi,28163,27522
Benton,Missouri,29015,19440
Bollinger,Missouri,29017,12666
Butler,Missouri,29023,43883
Camden,Missouri,29029,44044
Cape Girardeau,Missouri,29031,80556
Carter,Missouri,29035,6372
Christian,Missouri,29043,84779
Crawford,Missouri,29055,25255
Dallas,Missouri,29059,16314
Dent,Missouri,29065,15918
Douglas,Missouri,29067,13525
Dunklin,Missouri,29069,31542
Greene,Missouri,29077,293814
Hickory,Missouri,29085,9294
Howell,Missouri,29091,40343
Iron,Missouri,29093,10647
Jefferson,Missouri,29099,226606
Laclede,Missouri,29105,36362
Madison,Missouri,29123,12410
Maries,Missouri,29125,9325
Miller,Missouri,29131,25753
Mississippi,Missouri,29133,14083
New Madrid,Missouri,29143,18616
Oregon,Missouri,29149,10998
Ozark,Missouri,29153,9754
Pemiscot,Missouri,29155,17559
Perry,Missouri,29157,20112
Phelps,Missouri,29161,46059
Polk,Missouri,29167,31487
Pulaski,Missouri,29169,54300
Reynolds,Missouri,29179,6882
Ripley,Missouri,29181,14308
Ste. Genevieve,Missouri,29186,18081
St. Francois,Missouri,29187,68497
Scott,Missouri,29201,40602
Shannon,Missouri,29203,8756
Stoddard,Missouri,29207,30562
Stone,Missouri,29209,31511
Taney,Missouri,29213,55546
Texas,Missouri,29215,26081
Washington,Missouri,29221,25361
Wayne,Missouri,29223,14204
Webster,Missouri,29225,38259
Wright,Missouri,29229,18634
Benton,Tennessee,47005,16404
Carroll,Tennessee,47017,27994
Chester,Tennessee,47023,17718
Crockett,Tennessee,47033,15066
Decatur,Tennessee,47039,11684
Dickson,Tennessee,47043,52907
Dyer,Tennessee,47045,38724
Fayette,Tennessee,47047,40153
Gibson,Tennessee,47053,51205
Hardeman,Tennessee,47069,27079
Hardin,Tennessee,47071,26979
Haywood,Tennessee,47075,18842
Henderson,Tennessee,47077,28568
Henry,Tennessee,47079,32804
Hickman,Tennessee,47081,24798
Houston,Tennessee,47083,8221
Humphreys,Tennessee,47085,18823
Lake,Tennessee,47095,7776
Lauderdale,Tennessee,47097,27147
Lawrence,Tennessee,47099,42771
Lewis,Tennessee,47101,11993
McNairy,Tennessee,47109,27023
Madison,Tennessee,47113,102061
Montgomery,Tennessee,47125,200007
Obion,Tennessee,47131,31256
Perry,Tennessee,47135,8151
Shelby,Tennessee,47157,960562
Stewart,Tennessee,47161,13428
Tipton,Tennessee,47167,63565
Wayne,Tennessee,47181,17211
Weakley,Tennessee,47183,34527
Adams,Illinois,17001,68026
Bond,Illinois,17005,17130
Boone,Illinois,17007,54670
Brown,Illinois,17009,6854
Bureau,Illinois,17011,34875
Calhoun,Illinois,17013,4834
Carroll,Illinois,17015,15067
Cass,Illinois,17017,12763
Champaign,Illinois,17019,213440
Christian,Illinois,17021,33724
Clark,Illinois,17023,16098
Clay,Illinois,17025,13460
Clinton,Illinois,17027,38772
Coles,Illinois,17029,53217
Cook,Illinois,17031,5313828
Crawford,Illinois,17033,19348
Cumberland,Illinois,17035,10947
DeKalb,Illinois,17037,106119
De Witt,Illinois,17039,16355
Douglas,Illinois,17041,20238
DuPage,Illinois,17043,940072
Edgar,Illinois,17045,17636
Edwards,Illinois,17047,6478
Effingham,Illinois,17049,35271
Fayette,Illinois,17051,21677
Ford,Illinois,17053,13882
Fulton,Illinois,17057,35886
Greene,Illinois,17061,13316
Grundy,Illinois,17063,51760
Hancock,Illinois,17067,18490
Henderson,Illinois,17071,7114
Henry,Illinois,17073,49908
Iroquois,Illinois,17075,28978
Jasper,Illinois,17079,9674
Jersey,Illinois,17083,22850
Jo Daviess,Illinois,17085,23036
Kane,Illinois,17089,541814
Kankakee,Illinois,17091,111166
Kendall,Illinois,17093,123322
Knox,Illinois,17095,51791
Lake,Illinois,17097,709599
LaSalle,Illinois,17099,113039
Lawrence,Illinois,17101,16629
Lee,Illinois,17103,35887
Livingston,Illinois,17105,37237
Logan,Illinois,17107,29902
McDonough,Illinois,17109,32777
McHenry,Illinois,17111,311424
McLean,Illinois,17113,176271
Macon,Illinois,17115,107192
Macoupin,Illinois,17117,46942
Madison,Illinois,17119,268295
Marion,Illinois,17121,38654
Marshall,Illinois,17123,12273
Mason,Illinois,17125,13581
Menard,Illinois,17129,12547
Mercer,Illinois,17131,16254
Montgomery,Illinois,17135,28847
Morgan,Illinois,17137,35122
Moultrie,Illinois,17139,14997
Ogle,Illinois,17141,52886
Peoria,Illinois,17143,187330
Piatt,Illinois,17147,17161
Pike,Illinois,17149,16002
Putnam,Illinois,17155,5725
Richland,Illinois,17159,16199
Rock Island,Illinois,17161,146760
St. Clair,Illinois,17163,268351
Sangamon,Illinois,17167,199816
Schuyler,Illinois,17169,7152
Scott,Illinois,17171,5069
Shelby,Illinois,17173,21881
Stark,Illinois,17175,5782
Stephenson,Illinois,17177,46654
Tazewell,Illinois,17179,136901
Vermilion,Illinois,17183,79507
Wabash,Illinois,17185,11456
Warren,Illinois,17187,17348
Wayne,Illinois,17191,16480
Whiteside,Illinois,17195,57413
Will,Illinois,17197,697215
Winnebago,Illinois,17201,291406
Woodford,Illinois,17203,40030
Benton,Indiana,18007,8840
Fountain,Indiana,18045,16569
Knox,Indiana,18083,38019
Lake,Indiana,18089,495069
Newton,Indiana,18111,14648
Parke,Indiana,18121,17464
Pike,Indiana,18125,12756
Sullivan,Indiana,18153,21569
Vermillion,Indiana,18165,16056
Vigo,Indiana,18167,110266
Warren,Indiana,18171,8485
Allamakee,Iowa,19005,14138
Appanoose,Iowa,19007,12569
Benton,Iowa,19011,26124
Black Hawk,Iowa,19013,135882
Bremer,Iowa,19017,25836
Buchanan,Iowa,19019,21493
Butler,Iowa,19023,15532
Cedar,Iowa,19031,18521
Cerro Gordo,Iowa,19033,43661
Chickasaw,Iowa,19037,12144
Clayton,Iowa,19043,18072
Clinton,Iowa,19045,48638
Davis,Iowa,19051,9048
Delaware,Iowa,19055,18170
Des Moines,Iowa,19057,40710
Dubuque,Iowa,19061,100058
Fayette,Iowa,19065,20471
Floyd,Iowa,19067,16150
Franklin,Iowa,19069,10376
Grundy,Iowa,19075,12526
Hardin,Iowa,19083,17648
Henry,Iowa,19087,20002
Howard,Iowa,19089,9558
Iowa,Iowa,19095,16662
Jackson,Iowa,19097,19604
Jasper,Iowa,19099,37318
Jefferson,Iowa,19101,17584
Johnson,Iowa,19103,147657
Jones,Iowa,19105,20527
Keokuk,Iowa,19107,10311
Lee,Iowa,19111,35813
Linn,Iowa,19113,226417
Louisa,Iowa,19115,11251
Lucas,Iowa,19117,8820
Mahaska,Iowa,19123,22406
Marion,Iowa,19125,33968
Marshall,Iowa,19127,41091
Mitchell,Iowa,19131,11069
Monroe,Iowa,19135,8052
Muscatine,Iowa,19139,44116
Polk,Iowa,19153,488405
Poweshiek,Iowa,19157,18725
Scott,Iowa,19163,175615
Story,Iowa,19169,97978
Tama,Iowa,19171,17747
Van Buren,Iowa,19177,7429
Wapello,Iowa,19179,35241
Warren,Iowa,19181,50029
Washington,Iowa,19183,22594
Wayne,Iowa,19185,6372
Winneshiek,Iowa,19191,20893
Worth,Iowa,19195,7732
Dodge,Minnesota,27039,20993
Fillmore,Minnesota,27045,21289
Freeborn,Minnesota,27047,30836
Goodhue,Minnesota,27049,46908
Houston,Minnesota,27055,19136
Mower,Minnesota,27099,39342
Olmsted,Minnesota,27109,156236
Rice,Minnesota,27131,66489
Steele,Minnesota,27147,37398
Wabasha,Minnesota,27157,21541
Waseca,Minnesota,27161,18939
Winona,Minnesota,27169,52288
Adair,Missouri,29001,25382
Audrain,Missouri,29007,26263
Boone,Missouri,29019,180136
Callaway,Missouri,29027,45365
Carroll,Missouri,29033,9208
Chariton,Missouri,29041,7640
Clark,Missouri,29045,6871
Cole,Missouri,29051,78996
Cooper,Missouri,29053,17783
Franklin,Missouri,29071,104486
Gasconade,Missouri,29073,14936
Grundy,Missouri,29079,10151
Howard,Missouri,29089,10222
Knox,Missouri,29103,4010
Lewis,Missouri,29111,10385
Lincoln,Missouri,29113,55442
Linn,Missouri,29115,12484
Livingston,Missouri,29117,15234
Macon,Missouri,29121,15405
Marion,Missouri,29127,29313
Mercer,Missouri,29129,3757
Moniteau,Missouri,29135,16116
Monroe,Missouri,29137,8841
Montgomery,Missouri,29139,11910
Morgan,Missouri,29141,21011
Osage,Missouri,29151,14228
Pettis,Missouri,29159,42260
Pike,Missouri,29163,18502
Putnam,Missouri,29171,4929
Ralls,Missouri,29173,10248
Randolph,Missouri,29175,25399
St. Charles,Missouri,29183,396448
St. Louis County,Missouri,29189,1013355
Saline,Missouri,29195,23541
Schuyler,Missouri,29197,4471
Scotland,Missouri,29199,4935
Shelby,Missouri,29205,6221
Sullivan,Missouri,29211,6328
Warren,Missouri,29219,34217
St. Louis City,Missouri,29510,316260
Adams,Wisconsin,55001,20156
Brown,Wisconsin,55009,262762
Buffalo,Wisconsin,55011,13357
Calumet,Wisconsin,55015,51225
Columbia,Wisconsin,55021,58153
Crawford,Wisconsin,55023,16729
Dane,Wisconsin,55025,530055
Dodge,Wisconsin,55027,90620
Fond du Lac,Wisconsin,55039,103011
Grant,Wisconsin,55043,53120
Green,Wisconsin,55045,37538
Green Lake,Wisconsin,55047,18876
Iowa,Wisconsin,55049,23985
Jackson,Wisconsin,55053,20810
Jefferson,Wisconsin,55055,84523
Juneau,Wisconsin,55057,27156
Kenosha,Wisconsin,55059,170454
Kewaunee,Wisconsin,55061,20742
La Crosse,Wisconsin,55063,120089
Lafayette,Wisconsin,55065,17006
Manitowoc,Wisconsin,55071,80989
Marquette,Wisconsin,55077,15342
Milwaukee,Wisconsin,55079,947960
Monroe,Wisconsin,55081,45831
Outagamie,Wisconsin,55087,187087
Ozaukee,Wisconsin,55089,88799
Pepin,Wisconsin,55091,7388
Portage,Wisconsin,55097,71267
Racine,Wisconsin,55101,197399
Richland,Wisconsin,55103,17613
Rock,Wisconsin,55105,162214
Sauk,Wisconsin,55111,64500
Sheboygan,Wisconsin,55117,116309
Trempealeau,Wisconsin,55121,29589
Vernon,Wisconsin,55123,30715
Walworth,Wisconsin,55127,103235
Washington,Wisconsin,55131,135837
Waukesha,Wisconsin,55133,402229
Waupaca,Wisconsin,55135,52405
Waushara,Wisconsin,55137,24481
Winnebago,Wisconsin,55139,170817
Wood,Wisconsin,55141,74700
Autauga,Alabama,01001,56319
Blount,Alabama,01009,57596
Calhoun,Alabama,01015,117650
Chambers,Alabama,01017,34225
Cherokee,Alabama,01019,25853
Chilton,Alabama,01021,44675
Clay,Alabama,01027,14099
Cleburne,Alabama,01029,15154
Coosa,Alabama,01037,10882
Cullman,Alabama,01043,83698
Dallas,Alabama,01047,41394
DeKalb,Alabama,01049,72113
Elmore,Alabama,01051,82819
Etowah,Alabama,01055,103290
Jackson,Alabama,01071,53404
Jefferson,Alabama,01073,675422
Lee,Alabama,01081,160403
Limestone,Alabama,01083,91976
Lowndes,Alabama,01085,10588
Macon,Alabama,01087,20174
Madison,Alabama,01089,363655
Marshall,Alabama,01095,94664
Montgomery,Alabama,01101,233192
Morgan,Alabama,01103,120136
Randolph,Alabama,01111,22870
Russell,Alabama,01113,60300
St. Clair,Alabama,01115,87673
Shelby,Alabama,01117,214666
Talladega,Alabama,01121,82204
Tallapoosa,Alabama,01123,40942
Bartow,Georgia,13015,103862
Butts,Georgia,13035,24060
Carroll,Georgia,13045,115825
Catoosa,Georgia,13047,67105
Chattahoochee,Georgia,13053,11365
Chattooga,Georgia,13055,25285
Cherokee,Georgia,13057,243136
Queen Anne's,Maryland,24035,51674
Clayton,Georgia,13063,276308
Talbot,Maryland,24041,38203
Washington,Maryland,24043,151070
Wicomico,Maryland,24045,103957
Baltimore City,Maryland,24510,620488
Atlantic,New Jersey,34001,275430
Bergen,New Jersey,34003,950113
Burlington,New Jersey,34005,458813
Camden,New Jersey,34007,521544
Cape May,New Jersey,34009,94138
Cumberland,New Jersey,34011,158706
Essex,New Jersey,34013,807352
Gloucester,New Jersey,34015,297714
Hunterdon,New Jersey,34019,128866
Mercer,New Jersey,34021,373006
Middlesex,New Jersey,34023,855458
Monmouth,New Jersey,34025,638272
Morris,New Jersey,34027,505067
Ocean,New Jersey,34029,597487
Passaic,New Jersey,34031,518361
Salem,New Jersey,34033,65326
Somerset,New Jersey,34035,340460
Sussex,New Jersey,34037,147826
Union,New Jersey,34039,566117
Warren,New Jersey,34041,110423
Allegany,New York,36003,47510
Broome,New York,36007,197877
Cattaraugus,New York,36009,78889
Cayuga,New York,36011,80232
Chautauqua,New York,36013,131858
Chemung,New York,36015,87679
Chenango,New York,36017,50720
Cortland,New York,36023,49369
Delaware,New York,36025,46551
Erie,New York,36029,927172
Franklin,New York,36033,51901
Fulton,New York,36035,55943
Genesee,New York,36037,59128
Greene,New York,36039,49876
Hamilton,New York,36041,4593
Herkimer,New York,36043,63583
Jefferson,New York,36045,120954
Lewis,New York,36049,28363
Livingston,New York,36051,65735
Madison,New York,36053,72908
Monroe,New York,36055,755765
Montgomery,New York,36057,51147
Niagara,New York,36063,213829
Oneida,New York,36065,239236
Onondaga,New York,36067,475515
Ontario,New York,36069,112473
Orange,New York,36071,390634
Orleans,New York,36073,41710
Oswego,New York,36075,123481
Otsego,New York,36077,62062
Richmond,New York,36085,483941
St. Lawrence,New York,36089,115086
Schoharie,New York,36095,32274
Schuyler,New York,36097,18441
Seneca,New York,36099,34881
Steuben,New York,36101,98393
Sullivan,New York,36105,77508
Tioga,New York,36107,50022
Tompkins,New York,36109,106105
Ulster,New York,36111,185613
Wayne,New York,36117,92159
Wyoming,New York,36121,41479
Yates,New York,36123,25385
Adams,Pennsylvania,42001,104724
Allegheny,Pennsylvania,42003,1238339
Armstrong,Pennsylvania,42005,67510
Beaver,Pennsylvania,42007,169472
Bedford,Pennsylvania,42009,49406
Berks,Pennsylvania,42011,420497
Blair,Pennsylvania,42013,126593
Bradford,Pennsylvania,42015,62518
Bucks,Pennsylvania,42017,633624
Butler,Pennsylvania,42019,190804
Cambria,Pennsylvania,42021,137289
Cameron,Pennsylvania,42023,4753
Carbon,Pennsylvania,42025,64733
Centre,Pennsylvania,42027,164029
Chester,Pennsylvania,42029,523967
Clarion,Pennsylvania,42031,40185
Clearfield,Pennsylvania,42033,82530
Clinton,Pennsylvania,42035,40309
Columbia,Pennsylvania,42037,67293
Crawford,Pennsylvania,42039,87397
Cumberland,Pennsylvania,42041,253836
Dauphin,Pennsylvania,42043,276447
Delaware,Pennsylvania,42045,568691
Elk,Pennsylvania,42047,31192
Erie,Pennsylvania,42049,279798
Fayette,Pennsylvania,42051,136933
Forest,Pennsylvania,42053,7470
Franklin,Pennsylvania,42055,156118
Fulton,Pennsylvania,42057,15003
Greene,Pennsylvania,42059,37821
Huntingdon,Pennsylvania,42061,45968
Indiana,Pennsylvania,42063,87816
Jefferson,Pennsylvania,42065,45013
Juniata,Pennsylvania,42067,24936
Lackawanna,Pennsylvania,42069,215921
Lancaster,Pennsylvania,42071,546551
Lawrence,Pennsylvania,42073,88918
Lebanon,Pennsylvania,42075,139912
Lehigh,Pennsylvania,42077,364549
Luzerne,Pennsylvania,42079,320999
Lycoming,Pennsylvania,42081,116794
McKean,Pennsylvania,42083,42544
Mercer,Pennsylvania,42085,114998
Mifflin,Pennsylvania,42087,47650
Monroe,Pennsylvania,42089,172122
Montgomery,Pennsylvania,42091,832043
Montour,Pennsylvania,42093,19011
Northampton,Pennsylvania,42095,307860
Northumberland,Pennsylvania,42097,94060
Perry,Pennsylvania,42099,46674
Philadelphia,Pennsylvania,42101,1587761
Pike,Pennsylvania,42103,56926
Potter,Pennsylvania,42105,17078
Schuylkill,Pennsylvania,42107,146871
Snyder,Pennsylvania,42109,41142
Somerset,Pennsylvania,42111,75844
Sullivan,Pennsylvania,42113,6303
Susquehanna,Pennsylvania,42115,43101
Ripley,Indiana,18137,29860
Tioga,Pennsylvania,42117,42356
Union,Pennsylvania,42119,45358
Venango,Pennsylvania,42121,53305
Warren,Pennsylvania,42123,41453
Washington,Pennsylvania,42125,212548
Wayne,Pennsylvania,42127,52769
Westmoreland,Pennsylvania,42129,362470
Wyoming,Pennsylvania,42131,28121
York,Pennsylvania,42133,449636
Arlington,Virginia,51013,227904
Clarke,Virginia,51043,14590
Culpeper,Virginia,51047,50176
Fairfax County,Virginia,51059,1126302
Fauquier,Virginia,51061,70247
Frederick,Virginia,51069,85025
Highland,Virginia,51091,2265
Loudoun,Virginia,51107,392368
Madison,Virginia,51113,13930
Page,Virginia,51139,24377
Prince William,Virginia,51153,448754
Rappahannock,Virginia,51157,7632
Rockingham,Virginia,51165,80365
Shenandoah,Virginia,51171,43707
Stafford,Virginia,51179,147102
Warren,Virginia,51187,39297
Alexandria,Virginia,51510,152422
Fairfax City,Virginia,51600,24481
Falls Church,Virginia,51610,13551
Harrisonburg,Virginia,51660,53176
Manassas,Virginia,51683,42110
Manassas Park,Virginia,51685,15269
Winchester,Virginia,51840,27308
Barbour,West Virginia,54001,17458
Berkeley,West Virginia,54003,116193
Brooke,West Virginia,54009,23858
Grant,West Virginia,54023,12504
Hampshire,West Virginia,54027,24858
Hancock,West Virginia,54029,30680
Hardy,West Virginia,54031,14287
Harrison,West Virginia,54033,70739
Jefferson,West Virginia,54037,58391
Lewis,West Virginia,54041,16657
Marion,West Virginia,54049,58281
Mineral,West Virginia,54057,28608
Monongalia,West Virginia,54061,105839
Morgan,West Virginia,54065,18085
Pendleton,West Virginia,54071,7550
Pocahontas,West Virginia,54075,8657
Preston,West Virginia,54077,35850
Randolph,West Virginia,54083,30421
Taylor,West Virginia,54091,17549
Tucker,West Virginia,54093,6936
Upshur,West Virginia,54097,25846
Webster,West Virginia,54101,8750
Fairfield,Connecticut,09001,964796
Hartford,Connecticut,09003,906357
Litchfield,Connecticut,09005,187185
Middlesex,Connecticut,09007,166528
New Haven,Connecticut,09009,873829
New London,Connecticut,09011,276496
Tolland,Connecticut,09013,154772
Windham,Connecticut,09015,118762
Androscoggin,Maine,23001,110086
Cumberland,Maine,23005,297556
Kennebec,Maine,23011,121488
Knox,Maine,23013,40698
Lincoln,Maine,23015,36141
Oxford,Maine,23017,59841
Sagadahoc,Maine,23023,36069
Waldo,Maine,23027,40198
York,Maine,23031,207699
Barnstable,Massachusetts,25001,223733
Berkshire,Massachusetts,25003,128457
Bristol,Massachusetts,25005,564846
Dukes,Massachusetts,25007,17359
Essex,Massachusetts,25009,787418
Franklin,Massachusetts,25011,70837
Hampden,Massachusetts,25013,476058
Hampshire,Massachusetts,25015,164464
Middlesex,Massachusetts,25017,1602184
Nantucket,Massachusetts,25019,10720
Norfolk,Massachusetts,25021,702913
Plymouth,Massachusetts,25023,523823
Suffolk,Massachusetts,25025,774572
Worcester,Massachusetts,25027,836644
Belknap,New Hampshire,33001,62479
Carroll,New Hampshire,33003,47713
Cheshire,New Hampshire,33005,76576
Grafton,New Hampshire,33009,92489
Hillsborough,New Hampshire,33011,416672
Merrimack,New Hampshire,33013,151549
Rockingham,New Hampshire,33015,308863
Strafford,New Hampshire,33017,130755
Sullivan,New Hampshire,33019,44285
Hudson,New Jersey,34017,689758
Albany,New York,36001,316846
Bronx,New York,36005,1468348
Columbia,New York,36021,64714
Dutchess,New York,36027,301774
Essex,New York,36031,38608
Kings,New York,36047,2688928
Nassau,New York,36059,1368111
New York,New York,36061,1664404
Putnam,New York,36079,101614
Queens,New York,36081,2385994
Rensselaer,New York,36083,162365
Rockland,New York,36087,328296
Saratoga,New York,36091,234223
Schenectady,New York,36093,157894
Suffolk,New York,36103,1517429
Warren,New York,36113,66980
Washington,New York,36115,63674
Westchester,New York,36119,985735
Bristol,Rhode Island,44001,49181
Kent,Rhode Island,44003,166449
Newport,Rhode Island,44005,83346
Providence,Rhode Island,44007,639055
Washington,Rhode Island,44009,126584
Addison,Vermont,50001,37883
Bennington,Vermont,50003,37178
Caledonia,Vermont,50005,31953
Chittenden,Vermont,50007,165666
Lamoille,Vermont,50015,26567
Orange,Vermont,50017,29240
Rutland,Vermont,50021,61778
Washington,Vermont,50023,60172
Windham,Vermont,50025,44143
Windsor,Vermont,50027,56117
Aroostook,Maine,23003,70995
Franklin,Maine,23007,30710
Hancock,Maine,23009,56284
Penobscot,Maine,23019,157026
Piscataquis,Maine,23021,17258
Somerset,Maine,23025,52802
Washington,Maine,23029,32358
Alcona,Michigan,26001,10424
Alger,Michigan,26003,9593
Alpena,Michigan,26007,29322
Antrim,Michigan,26009,24400
Baraga,Michigan,26013,8554
Charlevoix,Michigan,26029,26840
Cheboygan,Michigan,26031,25689
Chippewa,Michigan,26033,38017
Crawford,Michigan,26039,13781
Delta,Michigan,26041,36745
Dickinson,Michigan,26043,25856
Emmet,Michigan,26047,34162
Gogebic,Michigan,26053,15396
Grand Traverse,Michigan,26055,93145
Houghton,Michigan,26061,37793
Iron,Michigan,26071,11564
Kalkaska,Michigan,26079,17595
Keweenaw,Michigan,26083,2123
Leelanau,Michigan,26089,22698
Luce,Michigan,26095,6744
Mackinac,Michigan,26097,10847
Marquette,Michigan,26103,67515
Menominee,Michigan,26109,24001
Montmorency,Michigan,26119,9184
Ontonagon,Michigan,26131,6167
Oscoda,Michigan,26135,8357
Otsego,Michigan,26137,24756
Presque Isle,Michigan,26141,13177
Schoolcraft,Michigan,26153,8324
Aitkin,Minnesota,27001,16399
Anoka,Minnesota,27003,351422
Carlton,Minnesota,27017,36456
Chisago,Minnesota,27025,56154
Cook,Minnesota,27031,5337
Dakota,Minnesota,27037,420320
Hennepin,Minnesota,27053,1248638
Isanti,Minnesota,27059,39271
Kanabec,Minnesota,27065,15816
Lake,Minnesota,27075,10783
Mille Lacs,Minnesota,27095,26637
Pine,Minnesota,27115,29311
Ramsey,Minnesota,27123,542810
St. Louis,Minnesota,27137,203388
Scott,Minnesota,27139,145514
Washington,Minnesota,27163,256848
Coos,New Hampshire,33007,32870
Clinton,New York,36019,82577
Essex,Vermont,50009,6199
Franklin,Vermont,50011,50014
Grand Isle,Vermont,50013,7179
Orleans,Vermont,50019,28039
Ashland,Wisconsin,55003,15863
Barron,Wisconsin,55005,46142
Bayfield,Wisconsin,55007,15123
Burnett,Wisconsin,55013,15055
Chippewa,Wisconsin,55017,64248
Clark,Wisconsin,55019,34969
Door,Wisconsin,55029,28211
Douglas,Wisconsin,55031,44406
Dunn,Wisconsin,55033,44806
Eau Claire,Wisconsin,55035,103749
Florence,Wisconsin,55037,4573
Forest,Wisconsin,55041,9104
Iron,Wisconsin,55051,5815
Langlade,Wisconsin,55067,19412
Lincoln,Wisconsin,55069,28683
Marathon,Wisconsin,55073,137325
Marinette,Wisconsin,55075,41129
Menominee,Wisconsin,55078,4333
Oconto,Wisconsin,55083,38656
Oneida,Wisconsin,55085,36013
Pierce,Wisconsin,55093,41652
Polk,Wisconsin,55095,43983
Price,Wisconsin,55099,13713
Rusk,Wisconsin,55107,14424
St. Croix,Wisconsin,55109,89890
Sawyer,Wisconsin,55113,16546
Shawano,Wisconsin,55115,41640
Taylor,Wisconsin,55119,20452
Vilas,Wisconsin,55125,21591
Washburn,Wisconsin,55129,15902
Rush,Indiana,18139,17146
Cobb,Georgia,13067,750357
St. Joseph,Indiana,18141,271656
Coweta,Georgia,13077,141554
Scott,Indiana,18143,24680
Crawford,Georgia,13079,12404
Shelby,Indiana,18145,45029
Dade,Georgia,13083,16480
Starke,Indiana,18149,23157
Dawson,Georgia,13085,24006
Steuben,Indiana,18151,35327
DeKalb,Georgia,13089,735282
Douglas,Georgia,13097,141880
Fannin,Georgia,13111,25575
Fayette,Georgia,13113,112893
Floyd,Georgia,13115,97725
Forsyth,Georgia,13117,228348
Fulton,Georgia,13121,1022768
Gilmer,Georgia,13123,30516
Gordon,Georgia,13129,57237
Gwinnett,Georgia,13135,911881
Haralson,Georgia,13143,29121
Harris,Georgia,13145,34450
Heard,Georgia,13149,11568
Henry,Georgia,13151,224077
Lamar,Georgia,13171,18260
Lumpkin,Georgia,13187,31640
Macon,Georgia,13193,13638
Marion,Georgia,13197,9044
Meriwether,Georgia,13199,22428
Monroe,Georgia,13207,27242
Murray,Georgia,13213,40597
Muscogee,Georgia,13215,198440
Paulding,Georgia,13223,155195
Pickens,Georgia,13227,31228
Pike,Georgia,13231,18141
Polk,Georgia,13233,42077
Rockdale,Georgia,13247,90118
Schley,Georgia,13249,5240
Spalding,Georgia,13255,65511
Talbot,Georgia,13263,6624
Taylor,Georgia,13269,8521
Troup,Georgia,13285,70560
Union,Georgia,13291,22864
Upson,Georgia,13293,26740
Walker,Georgia,13295,68696
Whitfield,Georgia,13313,105863
Crawford,Indiana,18025,11031
Dubois,Indiana,18037,43866
Floyd,Indiana,18043,78666
Harrison,Indiana,18061,40233
Perry,Indiana,18123,20034
Spencer,Indiana,18147,21454
Adair,Kentucky,21001,19379
Allen,Kentucky,21003,20693
Anderson,Kentucky,21005,22330
Barren,Kentucky,21009,44555
Bourbon,Kentucky,21017,20382
Boyle,Kentucky,21021,30184
Breckinridge,Kentucky,21027,20557
Bullitt,Kentucky,21029,81109
Butler,Kentucky,21031,13243
Casey,Kentucky,21045,16278
Clark,Kentucky,21049,35832
Clinton,Kentucky,21053,10212
Cumberland,Kentucky,21057,7081
Daviess,Kentucky,21059,101914
Edmonson,Kentucky,21061,12670
Estill,Kentucky,21065,14362
Fayette,Kentucky,21067,318319
Franklin,Kentucky,21073,51169
Garrard,Kentucky,21079,17338
Grayson,Kentucky,21085,26513
Green,Kentucky,21087,11087
Hancock,Kentucky,21091,8847
Hardin,Kentucky,21093,113221
Hart,Kentucky,21099,19470
Jackson,Kentucky,21109,13665
Jefferson,Kentucky,21111,769866
Jessamine,Kentucky,21113,52846
Larue,Kentucky,21123,14582
Laurel,Kentucky,21125,60168
Lincoln,Kentucky,21137,25275
Logan,Kentucky,21141,27521
McCreary,Kentucky,21147,18274
Madison,Kentucky,21151,90201
Marion,Kentucky,21155,19466
Meade,Kentucky,21163,28261
Mercer,Kentucky,21167,21511
Metcalfe,Kentucky,21169,10272
Monroe,Kentucky,21171,10644
Montgomery,Kentucky,21173,27451
Muhlenberg,Kentucky,21177,32087
Nelson,Kentucky,21179,45712
Nicholas,Kentucky,21181,7141
Ohio,Kentucky,21183,24643
Pulaski,Kentucky,21199,63880
Rockcastle,Kentucky,21203,17114
Russell,Kentucky,21207,17936
Scott,Kentucky,21209,53860
Shelby,Kentucky,21211,46109
Simpson,Kentucky,21213,18540
Spencer,Kentucky,21215,18375
Taylor,Kentucky,21217,25706
Warren,Kentucky,21227,126313
Washington,Kentucky,21229,11906
Wayne,Kentucky,21231,20784
Whitley,Kentucky,21235,36820
Woodford,Kentucky,21239,26563
Cherokee,North Carolina,37039,28342
Anderson,Tennessee,47001,77305
Bedford,Tennessee,47003,47982
Bledsoe,Tennessee,47007,14980
Blount,Tennessee,47009,130800
Bradley,Tennessee,47011,106351
Campbell,Tennessee,47013,40217
Cannon,Tennessee,47015,14014
Cheatham,Tennessee,47021,40604
Clay,Tennessee,47027,7814
Coffee,Tennessee,47031,54979
Cumberland,Tennessee,47035,58594
Davidson,Tennessee,47037,697945
DeKalb,Tennessee,47041,19331
Fentress,Tennessee,47049,18617
Franklin,Tennessee,47051,42048
Giles,Tennessee,47055,29076
Grundy,Tennessee,47061,14109
Hamilton,Tennessee,47065,361101
Jackson,Tennessee,47087,11533
Knox,Tennessee,47093,462094
Lincoln,Tennessee,47103,34241
Loudon,Tennessee,47105,52794
McMinn,Tennessee,47107,54034
Macon,Tennessee,47111,23463
Marion,Tennessee,47115,29334
Marshall,Tennessee,47117,32657
Maury,Tennessee,47119,92123
Meigs,Tennessee,47121,12101
Monroe,Tennessee,47123,46484
Moore,Tennessee,47127,6469
Morgan,Tennessee,47129,22310
Overton,Tennessee,47133,22661
Pickett,Tennessee,47137,5286
Polk,Tennessee,47139,17944
Putnam,Tennessee,47141,75765
Rhea,Tennessee,47143,33425
Roane,Tennessee,47145,53626
Robertson,Tennessee,47147,69308
Rutherford,Tennessee,47149,306969
Scott,Tennessee,47151,22837
Sequatchie,Tennessee,47153,15039
Smith,Tennessee,47159,19643
Sumner,Tennessee,47165,181000
Trousdale,Tennessee,47169,8248
Van Buren,Tennessee,47175,5888
Warren,Tennessee,47177,40525
White,Tennessee,47185,26837
Williamson,Tennessee,47187,223302
Wilson,Tennessee,47189,136421
Baldwin,Georgia,13009,46287
Banks,Georgia,13011,18777
Barrow,Georgia,13013,77579
Bibb,Georgia,13021,155460
Bleckley,Georgia,13023,13279
Bulloch,Georgia,13031,73263
Burke,Georgia,13033,22837
Candler,Georgia,13043,10868
Clarke,Georgia,13059,128419
Columbia,Georgia,13073,153260
Dodge,Georgia,13091,21017
Dooly,Georgia,13093,14262
Effingham,Georgia,13103,60602
Elbert,Georgia,13105,19668
Emanuel,Georgia,13107,23103
Evans,Georgia,13109,11202
Franklin,Georgia,13119,22494
Glascock,Georgia,13125,3091
Greene,Georgia,13133,17316
Habersham,Georgia,13137,45088
Hall,Georgia,13139,195340
Hancock,Georgia,13141,8500
Hart,Georgia,13147,25482
Houston,Georgia,13153,151755
Jackson,Georgia,13157,65820
Jasper,Georgia,13159,13773
Jefferson,Georgia,13163,16389
Jenkins,Georgia,13165,9170
Johnson,Georgia,13167,9742
Jones,Georgia,13169,28632
Laurens,Georgia,13175,48971
Lincoln,Georgia,13181,7814
McDuffie,Georgia,13189,21779
Madison,Georgia,13195,28952
Montgomery,Georgia,13209,9422
Morgan,Georgia,13211,18378
Newton,Georgia,13217,107687
Oconee,Georgia,13219,36936
Oglethorpe,Georgia,13221,15499
Peach,Georgia,13225,26995
Pulaski,Georgia,13235,11659
Putnam,Georgia,13237,21541
Rabun,Georgia,13241,16775
Richmond,Georgia,13245,204200
Screven,Georgia,13251,14427
Stephens,Georgia,13257,26115
Taliaferro,Georgia,13265,1676
Toombs,Georgia,13279,27659
Towns,Georgia,13281,11684
Treutlen,Georgia,13283,6916
Twiggs,Georgia,13289,8413
Walton,Georgia,13297,90861
Warren,Georgia,13301,5524
Washington,Georgia,13303,21289
White,Georgia,13311,28834
Wilkes,Georgia,13317,10336
Wilkinson,Georgia,13319,9285
Bath,Kentucky,21011,12781
Bell,Kentucky,21013,28330
Boyd,Kentucky,21019,48750
Breathitt,Kentucky,21025,13688
Carter,Kentucky,21043,28940
Clay,Kentucky,21051,21159
Elliott,Kentucky,21063,7991
Fleming,Kentucky,21069,14936
Floyd,Kentucky,21071,39915
Harlan,Kentucky,21095,29237
Johnson,Kentucky,21115,24101
Knott,Kentucky,21119,15973
Knox,Kentucky,21121,33814
Lawrence,Kentucky,21127,15793
Lee,Kentucky,21129,7274
Leslie,Kentucky,21131,11058
Letcher,Kentucky,21133,24440
Magoffin,Kentucky,21153,12880
Martin,Kentucky,21159,12635
Menifee,Kentucky,21165,6542
Morgan,Kentucky,21175,13474
Owsley,Kentucky,21189,4513
Perry,Kentucky,21193,28815
Pike,Kentucky,21195,64891
Powell,Kentucky,21197,12702
Rowan,Kentucky,21205,24319
Wolfe,Kentucky,21237,7741
Alexander,North Carolina,37003,37998
Alleghany,North Carolina,37005,11213
Ashe,North Carolina,37009,27494
Avery,North Carolina,37011,18093
Buncombe,North Carolina,37021,261655
Burke,North Carolina,37023,89714
Caldwell,North Carolina,37027,82269
Catawba,North Carolina,37035,158261
Clay,North Carolina,37043,10929
Cleveland,North Carolina,37045,98074
Gaston,North Carolina,37071,218244
Graham,North Carolina,37075,8792
Haywood,North Carolina,37087,61452
Henderson,North Carolina,37089,116799
Iredell,North Carolina,37097,176156
Jackson,North Carolina,37099,41834
Lincoln,North Carolina,37109,82758
McDowell,North Carolina,37111,46542
Macon,North Carolina,37113,34738
Madison,North Carolina,37115,22161
Mecklenburg,North Carolina,37119,1063054
Mitchell,North Carolina,37121,15607
Polk,North Carolina,37149,21307
Rutherford,North Carolina,37161,68012
Surry,North Carolina,37171,73147
Swain,North Carolina,37173,15286
Transylvania,North Carolina,37175,34850
Watauga,North Carolina,37189,54353
Wilkes,North Carolina,37193,70609
Yadkin,North Carolina,37197,37954
Yancey,North Carolina,37199,18236
Abbeville,South Carolina,45001,25238
Aiken,South Carolina,45003,170230
Allendale,South Carolina,45005,9774
Anderson,South Carolina,45007,198293
Bamberg,South Carolina,45009,15050
Barnwell,South Carolina,45011,21937
Beaufort,South Carolina,45013,187450
Calhoun,South Carolina,45017,14883
Cherokee,South Carolina,45021,57032
Chester,South Carolina,45023,33257
Colleton,South Carolina,45029,38408
Edgefield,South Carolina,45037,27396
Fairfield,South Carolina,45039,23515
Greenville,South Carolina,45045,506457
Greenwood,South Carolina,45047,70166
Hampton,South Carolina,45049,21006
Jasper,South Carolina,45053,30101
Lancaster,South Carolina,45057,90715
Laurens,South Carolina,45059,67718
Lexington,South Carolina,45063,291357
McCormick,South Carolina,45065,9946
Newberry,South Carolina,45071,38634
Oconee,South Carolina,45073,76972
Orangeburg,South Carolina,45075,91282
Pickens,South Carolina,45077,124779
Richland,South Carolina,45079,416367
Saluda,South Carolina,45081,20270
Spartanburg,South Carolina,45083,305813
Union,South Carolina,45087,28317
York,South Carolina,45091,259723
Carter,Tennessee,47019,56855
Claiborne,Tennessee,47025,33158
Cocke,Tennessee,47029,35250
Grainger,Tennessee,47057,23272
Greene,Tennessee,47059,69215
Hamblen,Tennessee,47063,63908
Hancock,Tennessee,47067,6729
Hawkins,Tennessee,47073,57541
Jefferson,Tennessee,47089,54003
Johnson,Tennessee,47091,18009
Sevier,Tennessee,47155,97256
Sullivan,Tennessee,47163,159722
Unicoi,Tennessee,47171,17944
Union,Tennessee,47173,19608
Washington,Tennessee,47179,128315
Bland,Virginia,51021,6641
Buchanan,Virginia,51027,23570
Carroll,Virginia,51035,30322
Dickenson,Virginia,51051,15478
Giles,Virginia,51071,17210
Grayson,Virginia,51077,16227
Lee,Virginia,51105,26088
Pulaski,Virginia,51155,35387
Russell,Virginia,51167,29602
Scott,Virginia,51169,22897
Smyth,Virginia,51173,32418
Tazewell,Virginia,51185,45036
Washington,Virginia,51191,55600
Wise,Virginia,51195,40690
Wythe,Virginia,51197,29516
Bristol,Virginia,51520,17359
Galax,Virginia,51640,7056
Norton,Virginia,51720,3991
Boone,West Virginia,54005,24788
Fayette,West Virginia,54019,45918
Kanawha,West Virginia,54039,189181
Lincoln,West Virginia,54043,22436
Logan,West Virginia,54045,35409
McDowell,West Virginia,54047,21820
Mercer,West Virginia,54055,61920
Mingo,West Virginia,54059,26165
Nicholas,West Virginia,54067,25668
Raleigh,West Virginia,54081,79816
Summers,West Virginia,54089,13526
Wayne,West Virginia,54099,42797
Wyoming,West Virginia,54109,22484
Adams,Indiana,18001,35709
Allen,Indiana,18003,375621
Bartholomew,Indiana,18005,83201
Blackford,Indiana,18009,12297
Boone,Indiana,18011,68123
Brown,Indiana,18013,15461
Carroll,Indiana,18015,20487
Cass,Indiana,18017,38582
Clark,Indiana,18019,117971
Clay,Indiana,18021,26723
Clinton,Indiana,18023,32803
Daviess,Indiana,18027,33075
Dearborn,Indiana,18029,50090
Decatur,Indiana,18031,26818
DeKalb,Indiana,18033,43092
Delaware,Indiana,18035,117008
Elkhart,Indiana,18039,207694
Fayette,Indiana,18041,23732
Franklin,Indiana,18047,23265
Fulton,Indiana,18049,20467
Grant,Indiana,18053,68301
Greene,Indiana,18055,33373
Hamilton,Indiana,18057,325095
Hancock,Indiana,18059,75512
Hendricks,Indiana,18063,164818
Henry,Indiana,18065,49426
Howard,Indiana,18067,83745
Huntington,Indiana,18069,37112
Jackson,Indiana,18071,45112
Jasper,Indiana,18073,34602
Jay,Indiana,18075,21393
Jefferson,Indiana,18077,32565
Jennings,Indiana,18079,28423
Johnson,Indiana,18081,153680
Kosciusko,Indiana,18085,81248
LaGrange,Indiana,18087,39742
LaPorte,Indiana,18091,112650
Lawrence,Indiana,18093,46101
Madison,Indiana,18095,129792
Marion,Indiana,18097,952385
Marshall,Indiana,18099,47526
Martin,Indiana,18101,10336
Miami,Indiana,18103,36235
Monroe,Indiana,18105,144117
Montgomery,Indiana,18107,38578
Morgan,Indiana,18109,70283
Noble,Indiana,18113,48888
Ohio,Indiana,18115,6178
Orange,Indiana,18117,19834
Owen,Indiana,18119,21305
Porter,Indiana,18127,170733
Pulaski,Indiana,18131,13063
Putnam,Indiana,18133,38381
Randolph,Indiana,18135,25252
Switzerland,Indiana,18155,11050
Tippecanoe,Indiana,18157,188191
Tipton,Indiana,18159,15486
Union,Indiana,18161,7247
Wabash,Indiana,18169,32452
Washington,Indiana,18175,28325
Wayne,Indiana,18177,67103
Wells,Indiana,18179,28184
White,Indiana,18181,25648
Whitley,Indiana,18183,34264
Boone,Kentucky,21015,130136
Bracken,Kentucky,21023,8412
Campbell,Kentucky,21037,93705
Carroll,Kentucky,21041,11039
Gallatin,Kentucky,21077,8904
Grant,Kentucky,21081,25027
Greenup,Kentucky,21089,36673
Harrison,Kentucky,21097,18979
Henry,Kentucky,21103,15839
Kenton,Kentucky,21117,167765
Lewis,Kentucky,21135,14217
Mason,Kentucky,21161,17792
Oldham,Kentucky,21185,66569
Owen,Kentucky,21187,10910
Pendleton,Kentucky,21191,14598
Robertson,Kentucky,21201,2205
Trimble,Kentucky,21223,8658
Allegan,Michigan,26005,117728
Arenac,Michigan,26011,15659
Barry,Michigan,26015,60402
Bay,Michigan,26017,105978
Benzie,Michigan,26019,17971
Berrien,Michigan,26021,157146
Branch,Michigan,26023,44132
Calhoun,Michigan,26025,134479
Cass,Michigan,26027,52557
Clare,Michigan,26035,30522
Clinton,Michigan,26037,79202
Eaton,Michigan,26045,110013
Genesee,Michigan,26049,409896
Gladwin,Michigan,26051,25564
Gratiot,Michigan,26057,41856
Hillsdale,Michigan,26059,46104
Huron,Michigan,26063,32148
Ingham,Michigan,26065,288724
Ionia,Michigan,26067,65515
Iosco,Michigan,26069,25340
Isabella,Michigan,26073,72786
Jackson,Michigan,26075,161017
Kalamazoo,Michigan,26077,261802
Kent,Michigan,26081,649034
Lake,Michigan,26085,11330
Lapeer,Michigan,26087,89061
Lenawee,Michigan,26091,99803
Livingston,Michigan,26093,191849
Macomb,Michigan,26099,880599
Manistee,Michigan,26101,25171
Mason,Michigan,26105,29309
Mecosta,Michigan,26107,43140
Midland,Michigan,26111,84999
Missaukee,Michigan,26113,14830
Monroe,Michigan,26115,151772
Montcalm,Michigan,26117,63940
Muskegon,Michigan,26121,175125
Newaygo,Michigan,26123,49235
Oakland,Michigan,26125,1253117
Oceana,Michigan,26127,26953
Ogemaw,Michigan,26129,20798
Osceola,Michigan,26133,23046
Ottawa,Michigan,26139,284703
Roscommon,Michigan,26143,24166
Saginaw,Michigan,26145,194038
St. Clair,Michigan,26147,160304
St. Joseph,Michigan,26149,61874
Sanilac,Michigan,26151,41979
Shiawassee,Michigan,26155,69499
Tuscola,Michigan,26157,54639
Van Buren,Michigan,26159,76230
Washtenaw,Michigan,26161,367238
Wayne,Michigan,26163,1754157
Wexford,Michigan,26165,33538
Adams,Ohio,39001,27960
Allen,Ohio,39003,106160
Ashland,Ohio,39005,53973
Ashtabula,Ohio,39007,98637
Athens,Ohio,39009,67121
Auglaize,Ohio,39011,46441
Belmont,Ohio,39013,69738
Brown,Ohio,39015,44644
Butler,Ohio,39017,383683
Carroll,Ohio,39019,28342
Champaign,Ohio,39021,39686
Clark,Ohio,39023,136118
Clermont,Ohio,39025,207047
Clinton,Ohio,39027,42835
Columbiana,Ohio,39029,104768
Coshocton,Ohio,39031,36517
Crawford,Ohio,39033,42887
Cuyahoga,Ohio,39035,1256007
Darke,Ohio,39037,52255
Defiance,Ohio,39039,38671
Delaware,Ohio,39041,200271
Erie,Ohio,39043,75969
Fairfield,Ohio,39045,154686
Fayette,Ohio,39047,28901
Franklin,Ohio,39049,1283688
Fulton,Ohio,39051,43046
Gallia,Ohio,39053,30178
Geauga,Ohio,39055,95079
Greene,Ohio,39057,164894
Guernsey,Ohio,39059,40217
Hamilton,Ohio,39061,824286
Hancock,Ohio,39063,76096
Hardin,Ohio,39065,32035
Harrison,Ohio,39067,15658
Henry,Ohio,39069,28103
Highland,Ohio,39071,43401
Hocking,Ohio,39073,28798
Holmes,Ohio,39075,44547
Huron,Ohio,39077,59187
Jackson,Ohio,39079,32585
Jefferson,Ohio,39081,68324
Knox,Ohio,39083,62424
Lake,Ohio,39085,232189
Lawrence,Ohio,39087,61501
Licking,Ohio,39089,173198
Logan,Ohio,39091,46730
Lorain,Ohio,39093,307873
Lucas,Ohio,39095,434635
Madison,Ohio,39097,45193
Mahoning,Ohio,39099,228561
Marion,Ohio,39101,65815
Medina,Ohio,39103,179953
Meigs,Ohio,39105,23468
Mercer,Ohio,39107,41581
Miami,Ohio,39109,106439
Monroe,Ohio,39111,14881
Montgomery,Ohio,39113,533054
Morgan,Ohio,39115,15051
Morrow,Ohio,39117,35214
Muskingum,Ohio,39119,86392
Noble,Ohio,39121,14654
Ottawa,Ohio,39123,41634
Paulding,Ohio,39125,18969
Perry,Ohio,39127,36317
Pickaway,Ohio,39129,57777
Pike,Ohio,39131,28427
Portage,Ohio,39133,165891
Preble,Ohio,39135,41983
Putnam,Ohio,39137,34371
Richland,Ohio,39139,122462
Ross,Ohio,39141,78124
Sandusky,Ohio,39143,59603
Scioto,Ohio,39145,77997
Seneca,Ohio,39147,56072
Shelby,Ohio,39149,49965
Stark,Ohio,39151,380527
Summit,Ohio,39153,546646
Trumbull,Ohio,39155,202898
Tuscarawas,Ohio,39157,94102
Union,Ohio,39159,56196
Van Wert,Ohio,39161,28824
Vinton,Ohio,39163,13420
Warren,Ohio,39165,230546
Washington,Ohio,39167,61549
Wayne,Ohio,39169,117082
Williams,Ohio,39171,37663
Wood,Ohio,39173,131905
Wyandot,Ohio,39175,22340
Braxton,West Virginia,54007,14889
Cabell,West Virginia,54011,98972
Calhoun,West Virginia,54013,7611
Clay,West Virginia,54015,9208
Doddridge,West Virginia,54017,8436
Gilmer,West Virginia,54021,8438
Jackson,West Virginia,54035,29985
Marshall,West Virginia,54051,33170
Mason,West Virginia,54053,27250
Ohio,West Virginia,54069,43521
Pleasants,West Virginia,54073,7768
Putnam,West Virginia,54079,58733
Ritchie,West Virginia,54085,10025
Roane,West Virginia,54087,14587
Tyler,West Virginia,54095,9589
Wetzel,West Virginia,54103,15974
Wirt,West Virginia,54105,5904
Wood,West Virginia,54107,88064
Broward,Florida,12011,1883555
Martin,Florida,12085,156333
Miami-Dade,Florida,12086,2702302
Palm Beach,Florida,12099,1441728
St. Lucie,Florida,12111,302601
St. Mary's,Maryland,24037,116032
Somerset,Maryland,24039,25869
Worcester,Maryland,24047,49829
Alamance,North Carolina,37001,161563
Anson,North Carolina,37007,26294
Beaufort,North Carolina,37013,49465
Bertie,North Carolina,37015,21231
Bladen,North Carolina,37017,35031
Brunswick,North Carolina,37019,129300
Cabarrus,North Carolina,37025,202126
Camden,North Carolina,37029,10475
Carteret,North Carolina,37031,71014
Caswell,North Carolina,37033,23519
Chatham,North Carolina,37037,74307
Chowan,North Carolina,37041,14733
Columbus,North Carolina,37047,57071
Craven,North Carolina,37049,105595
Cumberland,North Carolina,37051,329248
Currituck,North Carolina,37053,26415
Dare,North Carolina,37055,36888
Davidson,North Carolina,37057,168037
Davie,North Carolina,37059,42146
Duplin,North Carolina,37061,60130
Durham,North Carolina,37063,313764
Edgecombe,North Carolina,37065,54425
Forsyth,North Carolina,37067,375124
Franklin,North Carolina,37069,65061
Gates,North Carolina,37073,11628
Granville,North Carolina,37077,58822
Greene,North Carolina,37079,21226
Guilford,North Carolina,37081,522957
Halifax,North Carolina,37083,53233
Harnett,North Carolina,37085,133215
Hertford,North Carolina,37091,24332
Hoke,North Carolina,37093,53518
Hyde,North Carolina,37095,5432
Johnston,North Carolina,37101,192615
Jones,North Carolina,37103,10345
Lee,North Carolina,37105,60024
Lenoir,North Carolina,37107,58621
Martin,North Carolina,37117,23847
Montgomery,North Carolina,37123,27607
Moore,North Carolina,37125,97517
Nash,North Carolina,37127,95557
New Hanover,North Carolina,37129,225895
Northampton,North Carolina,37131,20765
Onslow,North Carolina,37133,201435
Orange,North Carolina,37135,143125
Pamlico,North Carolina,37137,13920
Pasquotank,North Carolina,37139,40108
Pender,North Carolina,37141,59850
Perquimans,North Carolina,37143,13662
Person,North Carolina,37145,40035
Pitt,North Carolina,37147,177895
Randolph,North Carolina,37151,145537
Richmond,North Carolina,37153,46534
Robeson,North Carolina,37155,136600
Rockingham,North Carolina,37157,92585
Rowan,North Carolina,37159,142361
Sampson,North Carolina,37163,65148
Scotland,North Carolina,37165,36435
Stanly,North Carolina,37167,61870
Stokes,North Carolina,37169,46710
Tyrrell,North Carolina,37177,4199
Union,North Carolina,37179,230722
Vance,North Carolina,37181,45186
Wake,North Carolina,37183,1061504
Warren,North Carolina,37185,20620
Washington,North Carolina,37187,12442
Wayne,North Carolina,37191,126520
Wilson,North Carolina,37195,83196
Berkeley,South Carolina,45015,207154
Charleston,South Carolina,45019,403176
Chesterfield,South Carolina,45025,46695
Clarendon,South Carolina,45027,34844
Darlington,South Carolina,45031,67941
Dillon,South Carolina,45033,31456
Dorchester,South Carolina,45035,157283
Florence,South Carolina,45041,140540
Georgetown,South Carolina,45043,62847
Horry,South Carolina,45051,327500
Kershaw,South Carolina,45055,64654
Lee,South Carolina,45061,18136
Marion,South Carolina,45067,32432
Marlboro,South Carolina,45069,28023
Sumter,South Carolina,45085,109033
Williamsburg,South Carolina,45089,33331
Accomack,Virginia,51001,33765
Albemarle,Virginia,51003,108400
Alleghany,Virginia,51005,16095
Amelia,Virginia,51007,13216
Amherst,Virginia,51009,32776
Appomattox,Virginia,51011,16034
Augusta,Virginia,51015,76954
Bath,Virginia,51017,4581
Bedford County,Virginia,51019,80346
Botetourt,Virginia,51023,34431
Brunswick,Virginia,51025,17770
Buckingham,Virginia,51029,17253
Campbell,Virginia,51031,56822
Caroline,Virginia,51033,30572
Charles City,Virginia,51036,7223
Charlotte,Virginia,51037,12596
Chesterfield,Virginia,51041,342909
Craig,Virginia,51045,5385
Cumberland,Virginia,51049,10017
Dinwiddie,Virginia,51053,28370
Essex,Virginia,51057,11655
Floyd,Virginia,51063,15927
Fluvanna,Virginia,51065,26747
Franklin County,Virginia,51067,57397
Gloucester,Virginia,51073,39109
Goochland,Virginia,51075,22965
Greene,Virginia,51079,20169
Greensville,Virginia,51081,12122
Halifax,Virginia,51083,35480
Hanover,Virginia,51085,107188
Henrico,Virginia,51087,326389
Henry,Virginia,51089,53195
Isle of Wight,Virginia,51093,37553
James City,Virginia,51095,76418
King and Queen,Virginia,51097,7405
King George,Virginia,51099,26108
King William,Virginia,51101,16719
Lancaster,Virginia,51103,11840
Louisa,Virginia,51109,35452
Lunenburg,Virginia,51111,12814
Mathews,Virginia,51115,8946
Mecklenburg,Virginia,51117,32310
Middlesex,Virginia,51119,11220
Montgomery,Virginia,51121,98995
Nelson,Virginia,51125,15100
New Kent,Virginia,51127,21531
Northampton,Virginia,51131,12476
Northumberland,Virginia,51133,12847
Nottoway,Virginia,51135,16387
Orange,Virginia,51137,36048
Patrick,Virginia,51141,18659
Pittsylvania,Virginia,51143,63310
Powhatan,Virginia,51145,28821
Prince Edward,Virginia,51147,23817
Prince George,Virginia,51149,37564
Richmond County,Virginia,51159,9394
Roanoke County,Virginia,51161,95857
Rockbridge,Virginia,51163,22968
Southampton,Virginia,51175,18521
Spotsylvania,Virginia,51177,132405
Surry,Virginia,51181,7034
Sussex,Virginia,51183,12087
Westmoreland,Virginia,51193,18391
York,Virginia,51199,68988
Buena Vista,Virginia,51530,6679
Charlottesville,Virginia,51540,47754
Chesapeake,Virginia,51550,242617
Colonial Heights,Virginia,51570,17960
Covington,Virginia,51580,5945
Danville,Virginia,51590,42508
Emporia,Virginia,51595,5747
Franklin City,Virginia,51620,8608
Fredericksburg,Virginia,51630,28684
Hampton,Virginia,51650,137515
Hopewell,Virginia,51670,22935
Lexington,Virginia,51678,7357
Lynchburg,Virginia,51680,81627
Martinsville,Virginia,51690,13954
Newport News,Virginia,51700,188299
Norfolk,Virginia,51710,248958
Petersburg,Virginia,51730,33510
Poquoson,Virginia,51735,12270
Portsmouth,Virginia,51740,96896
Radford,Virginia,51750,18105
Richmond City,Virginia,51760,223917
Roanoke City,Virginia,51770,100912
Salem,Virginia,51775,25844
Staunton,Virginia,51790,25003
Suffolk,Virginia,51800,92337
Virginia Beach,Virginia,51810,461663
Waynesboro,Virginia,51820,21699
Williamsburg,Virginia,51830,14904
Greenbrier,West Virginia,54025,37162
Monroe,West Virginia,54063,13593
Kent,Delaware,10001,177916
New Castle,Delaware,10003,566709
Sussex,Delaware,10005,226778
District of Columbia,District of Columbia,11001,674875
Allegany,Maryland,24001,73597
Anne Arundel,Maryland,24003,578441
Baltimore County,Maryland,24005,840176
Calvert,Maryland,24009,92815
Caroline,Maryland,24011,33214
Carroll,Maryland,24013,171276
Cecil,Maryland,24015,106057
Charles,Maryland,24017,162252
Dorchester,Maryland,24019,33343
Frederick,Maryland,24021,252775
Garrett,Maryland,24023,30802
Harford,Maryland,24025,257338
Howard,Maryland,24027,322360
Kent,Maryland,24029,20709
Montgomery,Maryland,24031,1051391
Prince George's,Maryland,24033,920667